joint,motor,peak_Nm,rms_Nm,rated_Nm,max_Nm,peak_pct_of_max,rms_pct_of_rated,pct_time_at_limit
right_hip_pitch,RS04,0.1380710468894506,0.1338742914277923,40.0,120.0,0.11505920574120883,0.33468572856948076,0.0
right_hip_roll,RS04,4.6742624988299895,4.000682000386651,40.0,120.0,3.8952187490249908,10.001705000966627,0.0
right_hip_yaw,RS03,0.5009271927172371,0.3896889948549369,21.0,60.0,0.8348786545287284,1.8556618802616043,0.0
right_knee_pitch,RS04,2.553370997125569,2.548230428184204,40.0,120.0,2.1278091642713073,6.37057607046051,0.0
right_ankle_pitch,RS03,7.831301284167125,7.702905613079861,21.0,60.0,13.052168806945208,36.68050291942791,0.0
left_hip_pitch,RS04,0.38881809223104824,0.34210181594447325,40.0,120.0,0.3240150768592069,0.855254539861183,0.0
left_hip_roll,RS04,5.323196163989127,5.253985301259316,40.0,120.0,4.435996803324273,13.13496325314829,0.0
left_hip_yaw,RS03,0.3967055199459815,0.3845308436644877,21.0,60.0,0.6611758665766359,1.8310992555451793,0.0
left_knee_pitch,RS04,1.442774790619353,1.3890397342688359,40.0,120.0,1.2023123255161277,3.47259933567209,0.0
left_ankle_pitch,RS03,7.0810476195836145,7.07176064833623,21.0,60.0,11.801746032639358,33.675050706363,0.0
