speed_m_s,fell_pct,right_hip_pitch_peak_Nm,right_hip_roll_peak_Nm,right_hip_yaw_peak_Nm,right_knee_pitch_peak_Nm,right_ankle_pitch_peak_Nm,left_hip_pitch_peak_Nm,left_hip_roll_peak_Nm,left_hip_yaw_peak_Nm,left_knee_pitch_peak_Nm,left_ankle_pitch_peak_Nm
-1.0,0.0,12.28,10.46,2.9,7.05,14.34,12.52,8.91,4.15,16.86,9.59
-0.9977,0.0,12.29,10.49,2.9,7.04,14.31,12.52,8.94,4.15,16.87,9.59
-0.9954,0.0,12.28,10.51,2.89,7.04,14.27,12.51,8.96,4.14,16.86,9.59
-0.9931,0.0,12.27,10.53,2.9,7.03,14.27,12.5,8.95,4.14,16.85,9.59
-0.9908,0.0,12.27,10.57,2.87,7.02,14.25,12.5,9.05,4.14,16.84,9.58
-0.9885,0.0,12.26,10.6,2.88,7.01,14.22,12.49,9.09,4.14,16.83,9.58
-0.9861,0.0,12.26,10.63,2.89,7.0,14.17,12.49,9.09,4.15,16.82,9.58
-0.9838,0.0,12.25,10.64,2.88,6.99,14.13,12.48,9.13,4.14,16.8,9.58
-0.9815,0.0,12.24,10.67,2.87,6.98,14.12,12.48,9.16,4.15,16.79,9.57
-0.9792,0.0,12.23,10.69,2.87,6.97,14.06,12.47,9.21,4.15,16.78,9.57
-0.9769,0.0,12.23,10.72,2.86,6.96,14.04,12.46,9.25,4.15,16.77,9.57
-0.9746,0.0,12.22,10.75,2.85,6.95,14.03,12.46,9.28,4.15,16.76,9.56
-0.9723,0.0,12.21,10.78,2.84,6.94,13.96,12.45,9.32,4.12,16.75,9.56
-0.97,0.0,12.21,10.8,2.83,6.93,13.94,12.45,9.36,4.16,16.73,9.56
-0.9677,0.0,12.2,10.84,2.82,6.91,13.91,12.44,9.4,4.14,16.72,9.55
-0.9654,0.0,12.19,10.85,2.83,6.91,13.87,12.43,9.44,4.14,16.71,9.55
-0.963,0.0,12.18,10.87,2.79,6.89,13.84,12.43,9.46,4.14,16.69,9.55
-0.9607,0.0,12.18,10.9,2.83,6.88,13.82,12.42,9.5,4.14,16.67,9.54
-0.9584,0.0,12.17,10.92,2.78,6.87,13.76,12.41,9.54,4.14,16.66,9.54
-0.9561,0.0,12.16,10.93,2.8,6.86,13.73,12.41,9.58,4.11,16.65,9.54
-0.9538,0.0,12.16,10.96,2.83,6.85,13.7,12.4,9.59,4.14,16.64,9.53
-0.9515,0.0,12.15,10.97,2.79,6.84,13.64,12.39,9.63,4.13,16.62,9.53
-0.9492,0.0,12.15,10.99,2.8,6.83,13.61,12.39,9.67,4.13,16.63,9.53
-0.9469,0.0,12.14,11.0,2.78,6.82,13.61,12.39,9.7,4.13,16.62,9.53
-0.9446,0.0,12.14,11.02,2.79,6.81,13.57,12.38,9.73,4.13,16.61,9.53
-0.9423,0.0,12.13,11.05,2.75,6.8,13.54,12.37,9.78,4.13,16.59,9.52
-0.94,0.0,12.12,11.06,2.77,6.79,13.52,12.36,9.81,4.14,16.58,9.52
-0.9376,0.0,12.11,11.07,2.77,6.77,13.48,12.36,9.84,4.13,16.56,9.52
-0.9353,0.0,12.1,11.09,2.76,6.76,13.45,12.35,9.87,4.14,16.55,9.51
-0.933,0.0,12.09,11.11,2.74,6.75,13.38,12.34,9.91,4.13,16.53,9.51
-0.9307,0.0,12.08,11.13,2.75,6.74,13.38,12.33,9.94,4.14,16.52,9.51
-0.9284,0.0,12.07,11.14,2.73,6.73,13.32,12.33,9.99,4.13,16.5,9.5
-0.9261,0.0,12.07,11.16,2.72,6.72,13.3,12.32,10.03,4.14,16.49,9.5
-0.9238,0.0,12.06,11.18,2.71,6.71,13.29,12.31,10.05,4.14,16.47,9.5
-0.9215,0.0,12.05,11.19,2.7,6.7,13.27,12.3,10.08,4.14,16.46,9.49
-0.9192,0.0,12.04,11.2,2.68,6.7,13.26,12.3,10.1,4.14,16.44,9.49
-0.9169,0.0,12.03,11.2,2.68,6.69,13.24,12.29,10.14,4.15,16.43,9.49
-0.9145,0.0,12.02,11.21,2.68,6.68,13.24,12.29,10.17,4.15,16.42,9.48
-0.9122,0.0,12.01,11.24,2.66,6.67,13.23,12.27,10.21,4.15,16.41,9.48
-0.9099,0.0,12.01,11.23,2.65,6.66,13.22,12.27,10.22,4.16,16.4,9.48
-0.9076,0.0,11.99,11.24,2.65,6.65,13.2,12.26,10.25,4.16,16.39,9.48
-0.9053,0.0,11.98,11.29,2.64,6.64,13.17,12.25,10.28,4.17,16.38,9.47
-0.903,0.0,11.98,11.29,2.64,6.63,13.15,12.25,10.3,4.18,16.38,9.47
-0.9007,0.0,11.97,11.3,2.63,6.62,13.14,12.24,10.34,4.18,16.37,9.47
-0.8984,0.0,11.96,11.3,2.62,6.62,13.11,12.23,10.36,4.18,16.36,9.46
-0.8961,0.0,11.95,11.32,2.61,6.61,13.12,12.22,10.37,4.18,16.35,9.46
-0.8938,0.0,11.94,11.33,2.59,6.6,13.1,12.21,10.42,4.18,16.34,9.45
-0.8915,0.0,11.92,11.34,2.58,6.59,13.1,12.19,10.45,4.19,16.33,9.45
-0.8891,0.0,11.92,11.35,2.58,6.58,13.08,12.19,10.45,4.19,16.33,9.45
-0.8868,0.0,11.91,11.35,2.55,6.57,13.07,12.18,10.46,4.19,16.32,9.44
-0.8845,0.0,11.9,11.35,2.56,6.56,13.05,12.17,10.49,4.21,16.31,9.44
-0.8822,0.0,11.89,11.36,2.55,6.55,13.04,12.16,10.48,4.2,16.3,9.43
-0.8799,0.0,11.88,11.37,2.55,6.54,13.04,12.15,10.55,4.21,16.29,9.43
-0.8776,0.0,11.87,11.36,2.54,6.53,13.01,12.15,10.56,4.22,16.28,9.43
-0.8753,0.0,11.86,11.37,2.53,6.53,13.01,12.14,10.57,4.22,16.28,9.42
-0.873,0.0,11.85,11.38,2.53,6.52,13.0,12.13,10.6,4.23,16.27,9.42
-0.8707,0.0,11.83,11.4,2.52,6.5,12.99,12.11,10.6,4.22,16.25,9.42
-0.8684,0.0,11.82,11.41,2.52,6.5,12.98,12.1,10.61,4.23,16.24,9.42
-0.8661,0.0,11.81,11.43,2.5,6.48,12.95,12.09,10.62,4.21,16.24,9.42
-0.8637,0.0,11.81,11.44,2.48,6.47,12.96,12.09,10.67,4.24,16.23,9.42
-0.8614,0.0,11.8,11.44,2.48,6.46,12.93,12.08,10.68,4.23,16.22,9.42
-0.8591,0.0,11.78,11.45,2.46,6.45,12.93,12.07,10.69,4.23,16.21,9.42
-0.8568,0.0,11.77,11.45,2.47,6.44,12.92,12.06,10.69,4.23,16.2,9.41
-0.8545,0.0,11.76,11.46,2.46,6.43,12.91,12.05,10.71,4.24,16.19,9.42
-0.8522,0.0,11.75,11.46,2.46,6.42,12.9,12.04,10.7,4.24,16.18,9.41
-0.8499,0.0,11.74,11.47,2.43,6.41,12.9,12.03,10.76,4.25,16.17,9.42
-0.8476,0.0,11.72,11.46,2.43,6.4,12.89,12.02,10.75,4.26,16.16,9.42
-0.8453,0.0,11.72,11.47,2.42,6.4,12.89,12.01,10.76,4.26,16.15,9.42
-0.843,0.0,11.7,11.48,2.42,6.38,12.88,12.0,10.75,4.25,16.14,9.42
-0.8406,0.0,11.68,11.51,2.41,6.37,12.87,11.98,10.75,4.26,16.13,9.41
-0.8383,0.0,11.67,11.52,2.39,6.36,12.82,11.97,10.77,4.23,16.12,9.42
-0.836,0.0,11.66,11.53,2.4,6.35,12.82,11.96,10.78,4.23,16.11,9.42
-0.8337,0.0,11.64,11.53,2.37,6.34,12.81,11.95,10.81,4.23,16.1,9.42
-0.8314,0.0,11.64,11.54,2.36,6.33,12.81,11.94,10.82,4.24,16.09,9.41
-0.8291,0.0,11.63,11.54,2.36,6.32,12.8,11.93,10.82,4.24,16.08,9.42
-0.8268,0.0,11.61,11.53,2.35,6.31,12.78,11.92,10.84,4.25,16.07,9.42
-0.8245,0.0,11.6,11.53,2.35,6.3,12.77,11.91,10.84,4.25,16.06,9.42
-0.8222,0.0,11.59,11.54,2.34,6.29,12.76,11.9,10.82,4.25,16.05,9.42
-0.8199,0.0,11.57,11.54,2.34,6.27,12.75,11.88,10.86,4.26,16.03,9.41
-0.8176,0.0,11.56,11.57,2.33,6.26,12.75,11.87,10.84,4.26,16.03,9.42
-0.8152,0.0,11.55,11.58,2.31,6.25,12.74,11.86,10.84,4.26,16.02,9.42
-0.8129,0.0,11.53,11.58,2.3,6.24,12.71,11.85,10.85,4.24,16.01,9.42
-0.8106,0.0,11.53,11.59,2.29,6.23,12.7,11.84,10.87,4.25,16.0,9.42
-0.8083,0.0,11.52,11.58,2.29,6.22,12.68,11.82,10.87,4.25,15.98,9.42
-0.806,0.0,11.51,11.59,2.28,6.21,12.68,11.81,10.86,4.26,15.97,9.41
-0.8037,0.0,11.5,11.58,2.27,6.2,12.66,11.8,10.81,4.23,15.96,9.41
-0.8014,0.0,11.5,11.59,2.27,6.18,12.66,11.79,10.87,4.26,15.95,9.41
-0.7991,0.0,11.49,11.58,2.26,6.17,12.64,11.78,10.88,4.27,15.94,9.41
-0.7968,0.0,11.48,11.59,2.24,6.16,12.63,11.76,10.89,4.28,15.93,9.41
-0.7945,0.0,11.47,11.59,2.23,6.15,12.62,11.75,10.87,4.27,15.92,9.41
-0.7921,0.0,11.46,11.61,2.22,6.14,12.6,11.74,10.89,4.28,15.9,9.4
-0.7898,0.0,11.45,11.62,2.21,6.13,12.59,11.72,10.92,4.28,15.89,9.4
-0.7875,0.0,11.44,11.62,2.21,6.11,12.56,11.7,10.93,4.23,15.87,9.4
-0.7852,0.0,11.43,11.62,2.2,6.1,12.53,11.69,10.94,4.24,15.86,9.39
-0.7829,0.0,11.42,11.61,2.19,6.09,12.51,11.67,10.93,4.24,15.84,9.39
-0.7806,0.0,11.41,11.6,2.17,6.07,12.49,11.65,10.93,4.25,15.82,9.39
-0.7783,0.0,11.39,11.61,2.16,6.06,12.48,11.63,10.94,4.25,15.8,9.38
-0.776,0.0,11.38,11.6,2.16,6.04,12.47,11.61,10.94,4.25,15.78,9.38
-0.7737,0.0,11.37,11.61,2.15,6.02,12.46,11.6,10.96,4.25,15.77,9.37
-0.7714,0.0,11.36,11.61,2.14,6.01,12.44,11.58,10.97,4.27,15.75,9.37
-0.7691,0.0,11.35,11.62,2.13,6.0,12.43,11.57,10.99,4.26,15.74,9.37
-0.7667,0.0,11.33,11.62,2.13,5.98,12.39,11.56,11.01,4.23,15.72,9.36
-0.7644,0.0,11.32,11.63,2.11,5.96,12.38,11.55,11.02,4.24,15.69,9.36
-0.7621,0.0,11.31,11.62,2.11,5.95,12.36,11.54,11.02,4.24,15.67,9.35
-0.7598,0.0,11.3,11.62,2.1,5.94,12.35,11.53,11.01,4.25,15.65,9.35
-0.7575,0.0,11.28,11.62,2.1,5.92,12.34,11.52,11.01,4.25,15.64,9.34
-0.7552,0.0,11.27,11.62,2.08,5.9,12.32,11.5,11.09,4.26,15.61,9.34
-0.7529,0.0,11.25,11.61,2.07,5.89,12.31,11.49,11.11,4.26,15.59,9.34
-0.7506,0.0,11.24,11.62,2.06,5.87,12.25,11.48,11.15,4.2,15.58,9.33
-0.7483,0.0,11.23,11.64,2.02,5.86,12.26,11.47,11.16,4.21,15.56,9.33
-0.746,0.0,11.21,11.64,2.05,5.85,12.24,11.45,11.17,4.21,15.54,9.32
-0.7436,0.0,11.2,11.64,2.04,5.83,12.23,11.44,11.17,4.22,15.52,9.32
-0.7413,0.0,11.19,11.63,2.03,5.81,12.21,11.43,11.17,4.22,15.5,9.31
-0.739,0.0,11.17,11.64,2.03,5.8,12.21,11.42,11.16,4.23,15.48,9.31
-0.7367,0.0,11.16,11.63,2.02,5.78,12.19,11.4,11.16,4.23,15.46,9.3
-0.7344,0.0,11.14,11.64,2.02,5.76,12.17,11.39,11.16,4.24,15.44,9.3
-0.7321,0.0,11.13,11.65,2.01,5.74,12.14,11.38,11.19,4.24,15.42,9.29
-0.7298,0.0,11.11,11.66,2.0,5.73,12.13,11.36,11.19,4.19,15.4,9.29
-0.7275,0.0,11.1,11.66,2.0,5.72,12.11,11.35,11.2,4.21,15.37,9.28
-0.7252,0.0,11.09,11.65,2.0,5.71,12.1,11.34,11.2,4.22,15.36,9.28
-0.7229,0.0,11.07,11.65,1.99,5.7,12.09,11.33,11.2,4.21,15.34,9.27
-0.7206,0.0,11.06,11.63,1.98,5.69,12.08,11.31,11.17,4.21,15.31,9.27
-0.7182,0.0,11.04,11.63,1.98,5.68,12.08,11.3,11.2,4.23,15.29,9.26
-0.7159,0.0,11.02,11.61,1.97,5.67,12.06,11.29,11.2,4.23,15.27,9.25
-0.7136,0.0,11.01,11.65,1.97,5.66,12.06,11.27,11.19,4.24,15.25,9.25
-0.7113,0.0,10.99,11.65,1.96,5.65,12.03,11.26,11.15,4.19,15.23,9.25
-0.709,0.0,10.98,11.64,1.96,5.64,12.02,11.24,11.15,4.19,15.22,9.24
-0.7067,0.0,10.96,11.64,1.95,5.62,12.01,11.23,11.15,4.19,15.2,9.23
-0.7044,0.0,10.95,11.63,1.95,5.61,12.0,11.22,11.14,4.2,15.19,9.23
-0.7021,0.0,10.93,11.62,1.95,5.6,11.99,11.2,11.12,4.2,15.18,9.22
-0.6998,0.0,10.91,11.61,1.94,5.59,11.99,11.19,11.13,4.21,15.17,9.21
-0.6975,0.0,10.9,11.6,1.94,5.58,11.98,11.18,11.15,4.21,15.16,9.21
-0.6952,0.0,10.89,11.62,1.93,5.57,11.96,11.17,11.14,4.21,15.15,9.2
-0.6928,0.0,10.87,11.62,1.92,5.56,11.94,11.15,11.17,4.1,15.13,9.2
-0.6905,0.0,10.85,11.61,1.92,5.55,11.93,11.14,11.17,4.11,15.12,9.19
-0.6882,0.0,10.84,11.59,1.91,5.54,11.92,11.12,11.14,4.1,15.11,9.18
-0.6859,0.0,10.82,11.58,1.91,5.53,11.91,11.11,11.16,4.11,15.09,9.18
-0.6836,0.0,10.8,11.57,1.91,5.51,11.89,11.09,11.27,4.11,15.08,9.17
-0.6813,0.0,10.78,11.56,1.91,5.5,11.89,11.07,11.29,4.12,15.06,9.17
-0.679,0.0,10.76,11.6,1.91,5.49,11.86,11.06,11.29,4.03,15.04,9.16
-0.6767,0.0,10.74,11.58,1.87,5.47,11.85,11.04,11.3,4.04,15.02,9.15
-0.6744,0.0,10.73,11.58,1.9,5.46,11.84,11.02,11.3,4.04,15.01,9.15
-0.6721,0.0,10.71,11.56,1.89,5.44,11.83,11.0,11.29,4.04,14.99,9.14
-0.6697,0.0,10.68,11.55,1.88,5.43,11.82,10.98,11.28,4.04,14.97,9.14
-0.6674,0.0,10.66,11.54,1.89,5.41,11.8,10.95,11.3,4.05,14.94,9.13
-0.6651,0.0,10.64,11.56,1.88,5.39,11.79,10.93,11.3,4.05,14.92,9.12
-0.6628,0.0,10.63,11.54,1.87,5.38,11.77,10.92,11.31,4.02,14.9,9.11
-0.6605,0.0,10.6,11.53,1.87,5.36,11.76,10.9,11.31,4.02,14.88,9.11
-0.6582,0.0,10.58,11.52,1.86,5.35,11.75,10.87,11.3,4.02,14.86,9.1
-0.6559,0.0,10.56,11.5,1.86,5.33,11.73,10.85,11.29,4.03,14.84,9.1
-0.6536,0.0,10.53,11.49,1.86,5.32,11.72,10.82,11.28,4.03,14.81,9.08
-0.6513,0.0,10.51,11.51,1.86,5.3,11.71,10.8,11.27,4.03,14.79,9.08
-0.649,0.0,10.49,11.5,1.86,5.28,11.69,10.78,11.18,3.98,14.77,9.07
-0.6467,0.0,10.47,11.49,1.87,5.27,11.68,10.76,11.17,3.98,14.75,9.07
-0.6443,0.0,10.45,11.47,1.87,5.25,11.67,10.74,11.16,3.99,14.73,9.06
-0.642,0.0,10.42,11.45,1.87,5.23,11.66,10.71,11.14,3.99,14.7,9.05
-0.6397,0.0,10.4,11.44,1.87,5.22,11.65,10.69,11.13,3.99,14.68,9.04
-0.6374,0.0,10.38,11.43,1.88,5.2,11.64,10.67,11.13,4.0,14.65,9.03
-0.6351,0.0,10.36,11.44,1.88,5.18,11.63,10.65,11.12,4.0,14.64,9.02
-0.6328,0.0,10.34,11.43,1.89,5.16,11.61,10.63,10.93,3.9,14.61,9.01
-0.6305,0.0,10.31,11.41,1.89,5.15,11.6,10.6,10.92,3.9,14.59,9.0
-0.6282,0.0,10.29,11.4,1.89,5.13,11.59,10.58,10.9,3.9,14.56,9.0
-0.6259,0.0,10.26,11.38,1.9,5.11,11.58,10.55,10.89,3.9,14.53,8.99
-0.6236,0.0,10.25,11.37,1.9,5.09,11.57,10.53,10.87,3.9,14.51,8.99
-0.6212,0.0,10.21,11.38,1.91,5.07,11.55,10.5,10.81,3.75,14.48,8.98
-0.6189,0.0,10.2,11.38,1.91,5.06,11.55,10.48,10.81,3.74,14.46,8.97
-0.6166,0.0,10.17,11.36,1.91,5.04,11.53,10.45,10.81,3.75,14.42,8.96
-0.6143,0.0,10.15,11.35,1.92,5.03,11.53,10.43,10.8,3.74,14.4,8.96
-0.612,0.0,10.12,11.33,1.92,5.01,11.51,10.41,10.79,3.74,14.38,8.95
-0.6097,0.0,10.1,11.31,1.93,4.99,11.49,10.39,10.81,3.74,14.34,8.94
-0.6074,0.0,10.08,11.32,1.93,4.97,11.49,10.36,10.81,3.68,14.32,8.94
-0.6051,0.0,10.05,11.3,1.94,4.95,11.46,10.34,10.8,3.68,14.29,8.93
-0.6028,0.0,10.02,11.3,1.93,4.94,11.47,10.32,10.81,3.68,14.27,8.92
-0.6005,0.0,10.01,11.27,1.94,4.92,11.46,10.3,10.8,3.68,14.23,8.92
-0.5982,0.0,9.98,11.25,1.95,4.9,11.45,10.27,10.79,3.68,14.2,8.91
-0.5958,0.0,9.96,11.24,1.95,4.88,11.43,10.25,10.78,3.69,14.16,8.91
-0.5935,0.0,9.93,11.24,1.96,4.86,11.42,10.23,10.69,3.63,14.14,8.9
-0.5912,0.0,9.91,11.23,1.96,4.84,11.41,10.2,10.68,3.63,14.11,8.89
-0.5889,0.0,9.88,11.21,1.97,4.83,11.41,10.18,10.67,3.63,14.09,8.88
-0.5866,0.0,9.86,11.19,1.97,4.81,11.4,10.15,10.66,3.64,14.06,8.87
-0.5843,0.0,9.83,11.17,1.98,4.78,11.38,10.12,10.65,3.65,14.04,8.87
-0.582,0.0,9.81,11.17,1.99,4.77,11.36,10.1,10.5,3.57,14.01,8.86
-0.5797,0.0,9.78,11.16,1.99,4.75,11.36,10.08,10.49,3.55,13.99,8.85
-0.5774,0.0,9.76,11.14,2.0,4.73,11.35,10.05,10.48,3.57,13.97,8.84
-0.5751,0.0,9.73,11.12,2.0,4.71,11.34,10.03,10.47,3.57,13.95,8.83
-0.5727,0.0,9.7,11.1,2.01,4.69,11.33,10.0,10.45,3.58,13.93,8.83
-0.5704,0.0,9.67,11.1,2.01,4.67,11.33,9.97,10.43,3.57,13.92,8.82
-0.5681,0.0,9.65,11.09,2.02,4.65,11.31,9.95,10.3,3.45,13.9,8.81
-0.5658,0.0,9.62,11.07,2.03,4.64,11.3,9.92,10.27,3.45,13.88,8.8
-0.5635,0.0,9.59,11.05,2.03,4.62,11.3,9.89,10.26,3.45,13.86,8.79
-0.5612,0.0,9.57,11.03,2.04,4.6,11.29,9.86,10.24,3.45,13.84,8.78
-0.5589,0.0,9.54,11.03,2.04,4.58,11.28,9.84,10.13,3.34,13.83,8.77
-0.5566,0.0,9.51,11.02,2.05,4.57,11.27,9.81,10.1,3.33,13.8,8.76
-0.5543,0.0,9.48,10.99,2.06,4.55,11.26,9.78,10.07,3.33,13.78,8.75
-0.552,0.0,9.46,10.97,2.06,4.53,11.26,9.76,10.05,3.32,13.75,8.74
-0.5497,0.0,9.43,10.96,2.07,4.5,11.24,9.73,9.95,3.25,13.72,8.72
-0.5473,0.0,9.4,10.95,2.07,4.49,11.24,9.7,9.93,3.24,13.69,8.71
-0.545,0.0,9.37,10.94,2.08,4.46,11.23,9.67,9.91,3.23,13.66,8.68
-0.5427,0.0,9.34,10.91,2.09,4.44,11.22,9.64,9.86,3.22,13.62,8.66
-0.5404,0.0,9.31,10.91,2.09,4.42,11.22,9.61,9.84,3.21,13.59,8.63
-0.5381,0.0,9.28,10.89,2.1,4.39,11.21,9.59,9.75,3.16,13.56,8.61
-0.5358,0.0,9.25,10.86,2.1,4.36,11.21,9.56,9.73,3.15,13.53,8.58
-0.5335,0.0,9.23,10.86,2.11,4.34,11.2,9.53,9.69,3.14,13.49,8.56
-0.5312,0.0,9.2,10.85,2.11,4.31,11.19,9.5,9.64,3.1,13.46,8.54
-0.5289,0.0,9.17,10.83,2.12,4.29,11.19,9.47,9.61,3.1,13.43,8.54
-0.5266,0.0,9.14,10.8,2.12,4.28,11.18,9.45,9.58,3.1,13.4,8.53
-0.5242,0.0,9.11,10.8,2.13,4.26,11.17,9.42,9.54,3.05,13.36,8.52
-0.5219,0.0,9.08,10.79,2.13,4.25,11.18,9.39,9.51,3.05,13.32,8.51
-0.5196,0.0,9.05,10.77,2.14,4.23,11.18,9.36,9.48,3.04,13.28,8.5
-0.5173,0.0,9.02,10.76,2.15,4.23,11.17,9.33,9.49,3.01,13.26,8.49
-0.515,0.0,8.99,10.75,2.15,4.21,11.17,9.3,9.49,3.0,13.23,8.48
-0.5127,0.0,8.96,10.72,2.16,4.19,11.17,9.27,9.54,2.99,13.18,8.47
-0.5104,0.0,8.93,10.73,2.16,4.17,11.16,9.24,9.57,2.97,13.14,8.46
-0.5081,0.0,8.9,10.71,2.17,4.16,11.16,9.21,9.61,2.96,13.09,8.44
-0.5058,0.0,8.87,10.7,2.18,4.14,11.15,9.19,9.64,2.96,13.05,8.43
-0.5035,0.0,8.84,10.68,2.18,4.12,11.15,9.16,9.68,2.96,13.01,8.41
-0.5012,0.0,8.81,10.67,2.19,4.1,11.15,9.13,9.71,2.95,12.96,8.39
-0.4988,0.0,8.78,10.66,2.2,4.08,11.15,9.1,9.75,2.94,12.91,8.37
-0.4965,0.0,8.75,10.65,2.2,4.04,11.14,9.06,9.79,2.93,12.86,8.34
-0.4942,0.0,8.72,10.63,2.21,4.02,11.13,9.03,9.82,2.93,12.82,8.29
-0.4919,0.0,8.69,10.62,2.21,4.0,11.13,9.0,9.86,2.93,12.79,8.26
-0.4896,0.0,8.66,10.6,2.22,3.97,11.13,8.97,9.89,2.93,12.75,8.24
-0.4873,0.0,8.63,10.59,2.23,3.95,11.12,8.94,9.93,2.93,12.71,8.2
-0.485,0.0,8.6,10.55,2.23,3.92,11.09,8.91,9.97,2.94,12.66,8.19
-0.4827,0.0,8.56,10.56,2.24,3.89,11.11,8.88,10.0,2.94,12.62,8.17
-0.4804,0.0,8.53,10.55,2.24,3.86,11.11,8.85,10.04,2.94,12.58,8.16
-0.4781,0.0,8.5,10.53,2.25,3.84,11.1,8.82,10.08,2.95,12.53,8.15
-0.4758,0.0,8.47,10.51,2.25,3.79,11.09,8.79,10.11,2.96,12.46,8.13
-0.4734,0.0,8.44,10.48,2.26,3.79,11.08,8.75,10.15,2.96,12.42,8.11
-0.4711,0.0,8.41,10.46,2.26,3.75,11.08,8.72,10.19,2.96,12.38,8.1
-0.4688,0.0,8.37,10.45,2.27,3.72,11.08,8.69,10.23,2.97,12.39,8.07
-0.4665,0.0,8.34,10.44,2.27,3.69,11.07,8.66,10.26,2.96,12.28,8.04
-0.4642,0.0,8.31,10.42,2.28,3.66,11.07,8.63,10.3,2.96,12.29,7.97
-0.4619,0.0,8.28,10.4,2.28,3.64,11.06,8.6,10.34,2.95,12.2,7.94
-0.4596,0.0,8.25,10.38,2.29,3.61,11.06,8.56,10.37,2.98,12.15,7.84
-0.4573,0.0,8.22,10.37,2.29,3.57,11.05,8.53,10.41,2.98,12.13,7.8
-0.455,0.0,8.19,10.35,2.3,3.54,11.05,8.5,10.45,2.97,12.1,7.75
-0.4527,0.0,8.15,10.33,2.3,3.52,11.04,8.47,10.49,2.98,12.05,7.71
-0.4503,0.0,8.12,10.31,2.31,3.52,11.05,8.44,10.53,2.98,12.01,7.66
-0.448,0.0,8.08,10.3,2.31,3.53,11.04,8.39,10.56,2.99,11.97,7.49
-0.4457,0.0,8.06,10.28,2.32,3.54,11.04,8.37,10.6,2.98,11.92,7.31
-0.4434,0.0,8.02,10.27,2.32,3.54,11.04,8.34,10.64,2.98,11.88,7.26
-0.4411,0.0,7.99,10.25,2.32,3.55,11.04,8.3,10.68,2.98,11.83,7.21
-0.4388,0.0,7.96,10.24,2.33,3.54,11.03,8.27,10.71,2.98,11.79,7.13
-0.4365,0.0,7.93,10.22,2.33,3.55,11.03,8.24,10.75,2.98,11.74,7.08
-0.4342,0.0,7.9,10.21,2.34,3.56,11.03,8.2,10.79,2.98,11.7,7.02
-0.4319,0.0,7.85,10.19,2.34,3.56,11.03,8.16,10.82,2.98,11.66,6.96
-0.4296,0.0,7.83,10.18,2.34,3.56,11.03,8.13,10.87,2.98,11.61,6.9
-0.4273,0.0,7.8,10.16,2.35,3.56,11.03,8.11,10.91,2.97,11.56,6.83
-0.4249,0.0,7.76,10.14,2.35,3.57,11.03,8.06,10.95,2.97,11.52,6.77
-0.4226,0.0,7.73,10.12,2.35,3.58,11.02,8.03,10.99,2.97,11.47,6.77
-0.4203,0.0,7.69,10.11,2.36,3.58,11.03,7.99,11.03,2.97,11.42,6.77
-0.418,0.0,7.66,10.09,2.36,3.58,11.03,7.96,11.07,2.97,11.38,6.77
-0.4157,0.0,7.63,10.07,2.36,3.59,11.03,7.93,11.1,2.97,11.34,6.77
-0.4134,0.0,7.59,10.06,2.36,3.59,11.03,7.89,11.14,2.96,11.28,6.77
-0.4111,0.0,7.56,10.04,2.37,3.59,11.03,7.86,11.18,2.96,11.23,6.77
-0.4088,0.0,7.52,10.02,2.37,3.61,11.03,7.82,11.22,2.95,11.19,6.77
-0.4065,0.0,7.49,10.01,2.37,3.6,11.02,7.78,11.26,2.95,11.14,6.77
-0.4042,0.0,7.45,9.99,2.37,3.6,11.02,7.75,11.3,2.94,11.09,6.77
-0.4018,0.0,7.42,9.96,2.37,3.61,11.02,7.71,11.34,2.94,11.04,6.77
-0.3995,0.0,7.38,9.95,2.38,3.61,11.03,7.67,11.38,2.93,10.99,6.77
-0.3972,0.0,7.34,9.93,2.38,3.61,11.03,7.64,11.42,2.93,10.95,6.77
-0.3949,0.0,7.3,9.91,2.38,3.62,11.03,7.59,11.45,2.92,10.9,6.76
-0.3926,0.0,7.27,9.9,2.38,3.6,11.04,7.56,11.5,2.92,10.85,6.76
-0.3903,0.0,7.23,9.88,2.38,3.62,11.04,7.52,11.54,2.91,10.81,6.76
-0.388,0.0,7.2,9.84,2.38,3.62,11.04,7.49,11.58,2.91,10.76,6.76
-0.3857,0.0,7.16,9.83,2.38,3.62,11.05,7.45,11.62,2.9,10.72,6.76
-0.3834,0.0,7.12,9.81,2.38,3.62,11.05,7.41,11.66,2.89,10.67,6.76
-0.3811,0.0,7.08,9.8,2.38,3.62,11.06,7.37,11.7,2.88,10.62,6.76
-0.3788,0.0,7.04,9.78,2.38,3.62,11.05,7.33,11.74,2.87,10.58,6.76
-0.3764,0.0,7.01,9.76,2.38,3.61,11.06,7.29,11.79,2.86,10.53,6.76
-0.3741,0.0,6.97,9.74,2.38,3.62,11.06,7.25,11.83,2.86,10.47,6.76
-0.3718,0.0,6.93,9.72,2.38,3.62,11.07,7.21,11.87,2.85,10.43,6.76
-0.3695,0.0,6.89,9.71,2.38,3.62,11.07,7.18,11.91,2.84,10.38,6.76
-0.3672,0.0,6.85,9.69,2.38,3.62,11.08,7.14,11.95,2.84,10.33,6.76
-0.3649,0.0,6.82,9.67,2.38,3.61,11.07,7.1,11.99,2.83,10.28,6.76
-0.3626,0.0,6.78,9.66,2.38,3.62,11.08,7.06,12.04,2.82,10.23,6.76
-0.3603,0.0,6.74,9.64,2.38,3.63,11.08,7.02,12.07,2.82,10.18,6.76
-0.358,0.0,6.69,9.62,2.39,3.63,11.09,6.97,12.12,2.81,10.13,6.75
-0.3557,0.0,6.66,9.6,2.39,3.63,11.09,6.94,12.16,2.8,10.08,6.76
-0.3533,0.0,6.62,9.58,2.39,3.63,11.09,6.9,12.21,2.8,10.03,6.76
-0.351,0.0,6.58,9.56,2.39,3.63,11.09,6.86,12.25,2.79,9.97,6.76
-0.3487,0.0,6.54,9.53,2.39,3.63,11.1,6.82,12.29,2.79,9.92,6.76
-0.3464,0.0,6.5,9.52,2.4,3.62,11.09,6.78,12.33,2.78,9.86,6.76
-0.3441,0.0,6.46,9.5,2.4,3.63,11.1,6.74,12.38,2.78,9.81,6.77
-0.3418,0.0,6.42,9.47,2.4,3.63,11.1,6.7,12.42,2.77,9.75,6.77
-0.3395,0.0,6.38,9.45,2.4,3.63,11.1,6.66,12.47,2.77,9.7,6.77
-0.3372,0.0,6.35,9.42,2.4,3.63,11.1,6.62,12.51,2.77,9.64,6.78
-0.3349,0.0,6.31,9.4,2.4,3.64,11.1,6.58,12.55,2.77,9.58,6.79
-0.3326,0.0,6.26,9.37,2.4,3.64,11.1,6.54,12.6,2.77,9.53,6.79
-0.3303,0.0,6.22,9.35,2.4,3.64,11.1,6.5,12.63,2.78,9.46,6.79
-0.3279,0.0,6.18,9.32,2.4,3.65,11.1,6.46,12.69,2.78,9.4,6.8
-0.3256,0.0,6.14,9.3,2.4,3.65,11.1,6.41,12.73,2.78,9.35,6.8
-0.3233,0.0,6.1,9.27,2.4,3.65,11.1,6.38,12.78,2.79,9.29,6.81
-0.321,0.0,6.06,9.25,2.4,3.66,11.1,6.34,12.82,2.79,9.24,6.82
-0.3187,0.0,6.02,9.22,2.4,3.66,11.1,6.3,12.86,2.79,9.18,6.82
-0.3164,0.0,5.98,9.2,2.4,3.66,11.1,6.25,12.91,2.79,9.12,6.83
-0.3141,0.0,5.94,9.18,2.39,3.66,11.1,6.21,12.95,2.79,9.06,6.83
-0.3118,0.0,5.9,9.16,2.39,3.66,11.11,6.17,13.0,2.79,9.0,6.84
-0.3095,0.0,5.86,9.13,2.39,3.67,11.1,6.13,13.04,2.78,8.95,6.85
-0.3072,0.0,5.82,9.11,2.39,3.67,11.11,6.09,13.09,2.77,8.89,6.85
-0.3048,0.0,5.78,9.08,2.38,3.66,11.11,6.05,13.14,2.78,8.83,6.86
-0.3025,0.0,5.74,9.06,2.38,3.66,11.11,6.01,13.18,2.77,8.77,6.86
-0.3002,0.0,5.7,9.04,2.38,3.66,11.11,5.97,13.23,2.77,8.71,6.87
-0.2979,0.0,5.66,9.02,2.37,3.67,11.11,5.93,13.26,2.76,8.66,6.88
-0.2956,0.0,5.62,9.0,2.37,3.67,11.11,5.89,13.32,2.75,8.61,6.89
-0.2933,0.0,5.58,8.97,2.37,3.66,11.1,5.84,13.37,2.75,8.55,6.89
-0.291,0.0,5.53,8.95,2.36,3.67,11.11,5.8,13.4,2.75,8.5,6.9
-0.2887,0.0,5.49,8.93,2.36,3.67,11.11,5.76,13.46,2.74,8.44,6.91
-0.2864,0.0,5.45,8.91,2.35,3.67,11.11,5.72,13.5,2.74,8.39,6.92
-0.2841,0.0,5.41,8.89,2.35,3.66,11.11,5.67,13.55,2.74,8.33,6.92
-0.2818,0.0,5.37,8.87,2.35,3.67,11.11,5.63,13.59,2.73,8.28,6.93
-0.2794,0.0,5.33,8.85,2.34,3.66,11.11,5.58,13.64,2.73,8.21,6.94
-0.2771,0.0,5.29,8.83,2.34,3.67,11.11,5.54,13.68,2.72,8.16,6.95
-0.2748,0.0,5.25,8.8,2.33,3.67,11.11,5.5,13.72,2.72,8.1,6.96
-0.2725,0.0,5.2,8.78,2.33,3.67,11.11,5.45,13.77,2.72,8.05,6.97
-0.2702,0.0,5.16,8.76,2.33,3.66,11.11,5.41,13.82,2.7,7.99,6.98
-0.2679,0.0,5.12,8.73,2.32,3.67,11.11,5.36,13.86,2.71,7.92,6.99
-0.2656,0.0,5.08,8.71,2.32,3.67,11.11,5.32,13.91,2.7,7.87,6.99
-0.2633,0.0,5.03,8.69,2.31,3.66,11.11,5.27,13.95,2.7,7.81,7.0
-0.261,0.0,4.99,8.67,2.31,3.67,11.11,5.23,13.99,2.69,7.76,7.01
-0.2587,0.0,4.95,8.65,2.3,3.66,11.11,5.18,14.04,2.69,7.7,7.02
-0.2564,0.0,4.9,8.63,2.3,3.66,11.11,5.13,14.08,2.69,7.64,7.03
-0.254,0.0,4.85,8.6,2.29,3.67,11.1,5.08,14.13,2.68,7.58,7.04
-0.2517,0.0,4.81,8.58,2.29,3.66,11.1,5.03,14.17,2.68,7.52,7.05
-0.2494,0.0,4.77,8.56,2.29,3.65,11.1,4.99,14.22,2.67,7.46,7.06
-0.2471,0.0,4.72,8.54,2.28,3.66,11.1,4.94,14.26,2.67,7.4,7.07
-0.2448,0.0,4.67,8.51,2.29,3.67,11.1,4.89,14.3,2.67,7.34,7.08
-0.2425,0.0,4.63,8.48,2.3,3.67,11.09,4.84,14.34,2.67,7.28,7.09
-0.2402,0.0,4.58,8.46,2.31,3.67,11.09,4.79,14.39,2.66,7.22,7.1
-0.2379,0.0,4.54,8.44,2.33,3.66,11.09,4.74,14.43,2.66,7.16,7.11
-0.2356,0.0,4.49,8.41,2.33,3.67,11.09,4.69,14.47,2.65,7.09,7.12
-0.2333,0.0,4.44,8.46,2.35,3.67,11.08,4.64,14.52,2.65,7.03,7.14
-0.2309,0.0,4.39,8.51,2.36,3.66,11.07,4.59,14.56,2.65,6.96,7.15
-0.2286,0.0,4.34,8.55,2.37,3.67,11.08,4.55,14.6,2.64,6.9,7.16
-0.2263,0.0,4.3,8.6,2.38,3.67,11.08,4.5,14.64,2.64,6.84,7.17
-0.224,0.0,4.25,8.64,2.4,3.67,11.07,4.45,14.68,2.63,6.77,7.18
-0.2217,0.0,4.2,8.69,2.41,3.67,11.07,4.4,14.73,2.61,6.71,7.19
-0.2194,0.0,4.15,8.73,2.42,3.67,11.07,4.35,14.76,2.63,6.64,7.21
-0.2171,0.0,4.1,8.78,2.43,3.67,11.07,4.3,14.81,2.62,6.57,7.22
-0.2148,0.0,4.06,8.82,2.43,3.66,11.05,4.26,14.85,2.62,6.5,7.23
-0.2125,0.0,4.01,8.87,2.45,3.66,11.06,4.21,14.88,2.61,6.45,7.24
-0.2102,0.0,3.96,8.91,2.46,3.66,11.06,4.16,14.92,2.61,6.38,7.25
-0.2079,0.0,3.91,8.96,2.48,3.66,11.06,4.11,14.96,2.6,6.32,7.26
-0.2055,0.0,3.86,9.01,2.49,3.66,11.05,4.05,15.0,2.6,6.25,7.28
-0.2032,0.0,3.81,9.05,2.5,3.66,11.05,4.01,15.04,2.6,6.19,7.29
-0.2009,0.0,3.76,9.1,2.51,3.66,11.05,3.95,15.08,2.59,6.12,7.3
-0.1986,0.0,3.71,9.15,2.52,3.65,11.04,3.9,15.11,2.59,6.06,7.31
-0.1963,0.0,3.66,9.19,2.53,3.65,11.04,3.85,15.15,2.58,5.99,7.33
-0.194,0.0,3.6,9.24,2.54,3.65,11.04,3.8,15.18,2.57,5.93,7.34
-0.1917,0.0,3.55,9.29,2.55,3.65,11.03,3.75,15.22,2.57,5.86,7.35
-0.1894,0.0,3.5,9.33,2.56,3.65,11.03,3.7,15.25,2.56,5.79,7.36
-0.1871,0.0,3.45,9.38,2.57,3.64,11.03,3.64,15.29,2.56,5.73,7.38
-0.1848,0.0,3.4,9.42,2.58,3.64,11.02,3.59,15.32,2.56,5.66,7.39
-0.1824,0.0,3.35,9.47,2.59,3.63,11.02,3.54,15.36,2.55,5.59,7.41
-0.1801,0.0,3.3,9.52,2.59,3.63,11.01,3.49,15.39,2.55,5.52,7.42
-0.1778,0.0,3.25,9.56,2.61,3.63,11.01,3.43,15.42,2.54,5.45,7.43
-0.1755,0.0,3.19,9.61,2.61,3.63,11.01,3.38,15.45,2.54,5.38,7.45
-0.1732,0.0,3.15,9.65,2.62,3.63,11.0,3.33,15.48,2.53,5.32,7.46
-0.1709,0.0,3.1,9.7,2.63,3.63,11.0,3.28,15.51,2.53,5.25,7.48
-0.1686,0.0,3.05,9.74,2.64,3.62,11.0,3.23,15.53,2.52,5.18,7.49
-0.1663,0.0,3.0,9.78,2.65,3.62,10.99,3.18,15.56,2.52,5.11,7.51
-0.164,0.0,2.95,9.83,2.66,3.62,10.99,3.13,15.59,2.51,5.05,7.52
-0.1617,0.0,2.9,9.87,2.67,3.61,10.98,3.08,15.61,2.51,4.98,7.54
-0.1594,0.0,2.85,9.91,2.67,3.61,10.98,3.03,15.64,2.5,4.92,7.56
-0.157,0.0,2.8,9.96,2.68,3.61,10.98,2.98,15.66,2.5,4.85,7.57
-0.1547,0.0,2.75,10.0,2.69,3.61,10.97,2.93,15.69,2.5,4.79,7.59
-0.1524,0.0,2.7,10.04,2.7,3.61,10.97,2.88,15.71,2.49,4.72,7.61
-0.1501,0.0,2.66,10.08,2.71,3.61,10.96,2.83,15.73,2.48,4.65,7.63
-0.1478,0.0,2.61,10.12,2.71,3.6,10.96,2.78,15.75,2.48,4.59,7.65
-0.1455,0.0,2.57,10.16,2.72,3.6,10.96,2.73,15.77,2.47,4.52,7.67
-0.1432,0.0,2.52,10.2,2.72,3.6,10.95,2.69,15.79,2.47,4.46,7.69
-0.1409,0.0,2.48,10.24,2.73,3.59,10.95,2.68,15.81,2.46,4.39,7.71
-0.1386,0.0,2.43,10.27,2.74,3.6,10.94,2.67,15.83,2.45,4.33,7.73
-0.1363,0.0,2.39,10.31,2.75,3.59,10.94,2.67,15.85,2.44,4.27,7.74
-0.1339,0.0,2.34,10.35,2.75,3.59,10.93,2.66,15.87,2.43,4.2,7.76
-0.1316,0.0,2.3,10.39,2.76,3.59,10.93,2.65,15.89,2.43,4.14,7.79
-0.1293,0.0,2.26,10.42,2.77,3.59,10.92,2.65,15.91,2.42,4.08,7.81
-0.127,0.0,2.22,10.46,2.77,3.59,10.91,2.64,15.92,2.41,4.02,7.83
-0.1247,0.0,2.18,10.49,2.78,3.59,10.91,2.64,15.94,2.4,3.97,7.85
-0.1224,0.0,2.14,10.52,2.79,3.58,10.91,2.63,15.95,2.39,3.91,7.87
-0.1201,0.0,2.1,10.56,2.8,3.58,10.9,2.62,15.97,2.39,3.86,7.89
-0.1178,0.0,2.07,10.59,2.8,3.58,10.89,2.62,15.99,2.38,3.8,7.91
-0.1155,0.0,2.02,10.62,2.8,3.57,10.89,2.61,16.0,2.37,3.75,7.93
-0.1132,0.0,1.99,10.65,2.81,3.57,10.88,2.61,16.01,2.36,3.69,7.96
-0.1109,0.0,1.96,10.69,2.82,3.57,10.88,2.6,16.03,2.35,3.64,7.98
-0.1085,0.0,1.97,10.72,2.82,3.56,10.87,2.59,16.04,2.34,3.58,8.0
-0.1062,0.0,1.97,10.75,2.83,3.56,10.87,2.58,16.05,2.34,3.53,8.02
-0.1039,0.0,1.98,10.78,2.83,3.55,10.86,2.58,16.07,2.33,3.51,8.05
-0.1016,0.0,1.99,10.81,2.84,3.55,10.85,2.57,16.08,2.32,3.5,8.07
-0.0993,0.0,2.36,4.64,0.69,0.58,8.52,2.85,0.43,0.52,4.07,5.1
-0.097,0.0,2.36,4.6,0.69,0.58,8.55,2.85,0.38,0.53,4.06,5.13
-0.0947,0.0,2.37,4.55,0.68,0.57,8.58,2.86,0.33,0.54,4.05,5.16
-0.0924,0.0,2.37,4.51,0.68,0.56,8.6,2.86,0.27,0.55,4.04,5.18
-0.0901,0.0,2.35,4.46,0.67,0.55,8.63,2.84,0.22,0.54,4.02,5.21
-0.0878,0.0,2.37,4.41,0.67,0.54,8.65,2.86,0.17,0.56,4.02,5.23
-0.0855,0.0,2.37,4.36,0.66,0.54,8.68,2.86,0.21,0.57,4.0,5.26
-0.0831,0.0,2.36,4.3,0.66,0.53,8.71,2.85,0.27,0.57,3.99,5.28
-0.0808,0.0,2.37,4.24,0.65,0.52,8.73,2.86,0.33,0.58,3.98,5.31
-0.0785,0.0,2.37,4.19,0.65,0.51,8.76,2.86,0.39,0.59,3.97,5.33
-0.0762,0.0,2.37,4.15,0.64,0.5,8.78,2.86,0.44,0.6,3.95,5.36
-0.0739,0.0,2.37,4.1,0.64,0.49,8.81,2.86,0.5,0.61,3.94,5.38
-0.0716,0.0,2.37,4.05,0.63,0.49,8.83,2.86,0.55,0.61,3.93,5.41
-0.0693,0.0,2.38,4.01,0.63,0.48,8.86,2.86,0.61,0.62,3.92,5.43
-0.067,0.0,2.37,3.96,0.63,0.47,8.89,2.86,0.66,0.62,3.9,5.46
-0.0647,0.0,2.37,3.92,0.62,0.46,8.91,2.86,0.72,0.63,3.89,5.48
-0.0624,0.0,2.38,3.87,0.62,0.46,8.94,2.86,0.77,0.64,3.88,5.5
-0.06,0.0,2.38,3.82,0.61,0.45,8.97,2.86,0.82,0.65,3.87,5.53
-0.0577,0.0,2.38,3.78,0.61,0.44,8.99,2.86,0.88,0.65,3.85,5.56
-0.0554,0.0,2.38,3.73,0.61,0.43,9.02,2.86,0.93,0.66,3.84,5.58
-0.0531,0.0,2.37,3.69,0.6,0.42,9.04,2.86,0.98,0.66,3.83,5.6
-0.0508,0.0,2.37,3.64,0.6,0.42,9.07,2.85,1.03,0.67,3.82,5.63
-0.0485,0.0,2.37,3.6,0.59,0.41,9.09,2.85,1.09,0.67,3.8,5.65
-0.0462,0.0,2.37,3.56,0.59,0.4,9.12,2.86,1.14,0.68,3.79,5.68
-0.0439,0.0,2.37,3.51,0.58,0.4,9.15,2.85,1.19,0.69,3.78,5.7
-0.0416,0.0,2.37,3.47,0.58,0.39,9.17,2.85,1.24,0.69,3.77,5.72
-0.0393,0.0,2.37,3.43,0.58,0.38,9.2,2.85,1.3,0.7,3.75,5.75
-0.037,0.0,2.37,3.38,0.57,0.37,9.22,2.85,1.35,0.7,3.74,5.77
-0.0346,0.0,2.36,3.34,0.57,0.37,9.25,2.84,1.4,0.71,3.73,5.79
-0.0323,0.0,2.37,3.3,0.56,0.36,9.27,2.85,1.45,0.71,3.71,5.82
-0.03,0.0,2.36,3.26,0.56,0.35,9.3,2.84,1.5,0.72,3.7,5.84
-0.0277,0.0,2.36,3.21,0.56,0.34,9.32,2.84,1.56,0.72,3.69,5.87
-0.0254,0.0,2.36,3.17,0.55,0.34,9.35,2.84,1.6,0.73,3.67,5.89
-0.0231,0.0,2.36,3.13,0.55,0.33,9.37,2.84,1.66,0.73,3.66,5.91
-0.0208,0.0,2.36,3.09,0.54,0.32,9.4,2.84,1.7,0.74,3.65,5.94
-0.0185,0.0,2.36,3.05,0.54,0.32,9.42,2.84,1.75,0.74,3.64,5.96
-0.0162,0.0,2.35,3.01,0.54,0.31,9.45,2.82,1.8,0.73,3.62,5.98
-0.0139,0.0,2.35,2.97,0.53,0.3,9.47,2.83,1.85,0.75,3.61,6.0
-0.0115,0.0,2.35,2.93,0.53,0.29,9.5,2.83,1.9,0.75,3.6,6.03
-0.0092,0.0,2.35,2.89,0.52,0.29,9.52,2.83,1.94,0.75,3.58,6.05
-0.0069,0.0,2.35,2.86,0.52,0.28,9.55,2.82,1.99,0.76,3.57,6.07
-0.0046,0.0,2.34,2.82,0.52,0.27,9.57,2.82,2.03,0.76,3.56,6.09
-0.0023,0.0,2.34,2.78,0.51,0.27,9.6,2.82,2.08,0.76,3.54,6.12
0.0,0.0,2.34,2.74,0.51,0.26,9.62,2.82,2.12,0.77,3.53,6.14
0.0023,0.0,2.34,2.71,0.51,0.25,9.64,2.81,2.16,0.77,3.52,6.17
0.0046,0.0,2.34,2.67,0.5,0.25,9.67,2.81,2.21,0.77,3.5,6.19
0.0069,0.0,2.33,2.64,0.5,0.24,9.69,2.8,2.25,0.77,3.49,6.21
0.0092,0.0,2.33,2.6,0.5,0.23,9.72,2.8,2.29,0.78,3.48,6.23
0.0115,0.0,2.33,2.57,0.49,0.23,9.74,2.8,2.33,0.78,3.46,6.26
0.0139,0.0,2.32,2.53,0.49,0.22,9.77,2.8,2.37,0.78,3.45,6.28
0.0162,0.0,2.32,2.5,0.48,0.22,9.79,2.79,2.41,0.78,3.44,6.3
0.0185,0.0,2.32,2.47,0.48,0.21,9.81,2.79,2.45,0.79,3.42,6.32
0.0208,0.0,2.31,2.43,0.48,0.2,9.84,2.78,2.49,0.78,3.41,6.35
0.0231,0.0,2.31,2.4,0.47,0.2,9.86,2.78,2.53,0.79,3.4,6.37
0.0254,0.0,2.3,2.37,0.47,0.19,9.88,2.77,2.57,0.79,3.38,6.39
0.0277,0.0,2.3,2.34,0.47,0.18,9.91,2.77,2.6,0.79,3.37,6.41
0.03,0.0,2.3,2.31,0.46,0.18,9.93,2.77,2.64,0.79,3.36,6.43
0.0323,0.0,2.29,2.28,0.46,0.17,9.95,2.76,2.67,0.79,3.34,6.45
0.0346,0.0,2.29,2.25,0.46,0.17,9.98,2.76,2.71,0.79,3.33,6.48
0.037,0.0,2.29,2.22,0.45,0.17,10.0,2.75,2.75,0.79,3.31,6.5
0.0393,0.0,2.27,2.19,0.45,0.17,10.02,2.74,2.78,0.79,3.3,6.52
0.0416,0.0,2.27,2.16,0.45,0.17,10.04,2.74,2.81,0.79,3.28,6.55
0.0439,0.0,2.27,2.14,0.44,0.18,10.07,2.74,2.85,0.79,3.27,6.57
0.0462,0.0,2.27,2.11,0.44,0.18,10.09,2.73,2.88,0.8,3.26,6.59
0.0485,0.0,2.26,2.08,0.44,0.19,10.11,2.73,2.92,0.8,3.24,6.61
0.0508,0.0,2.25,2.06,0.43,0.19,10.13,2.72,2.94,0.79,3.23,6.64
0.0531,0.0,2.25,2.03,0.43,0.19,10.16,2.71,2.97,0.79,3.21,6.66
0.0554,0.0,2.25,2.01,0.43,0.2,10.18,2.71,3.01,0.79,3.2,6.68
0.0577,0.0,2.24,1.98,0.43,0.2,10.2,2.7,3.04,0.79,3.19,6.7
0.06,0.0,2.23,1.96,0.42,0.2,10.22,2.7,3.07,0.79,3.17,6.72
0.0624,0.0,2.23,1.94,0.42,0.21,10.25,2.7,3.1,0.79,3.16,6.75
0.0647,0.0,2.22,1.91,0.42,0.21,10.27,2.68,3.12,0.79,3.14,6.77
0.067,0.0,2.22,1.89,0.41,0.21,10.29,2.68,3.16,0.79,3.13,6.79
0.0693,0.0,2.21,1.87,0.41,0.22,10.31,2.68,3.18,0.79,3.12,6.81
0.0716,0.0,2.21,1.85,0.41,0.22,10.33,2.67,3.21,0.79,3.1,6.84
0.0739,0.0,2.2,1.83,0.4,0.22,10.35,2.66,3.24,0.79,3.09,6.86
0.0762,0.0,2.19,1.81,0.4,0.23,10.37,2.66,3.26,0.79,3.07,6.88
0.0785,0.0,2.19,1.79,0.4,0.23,10.4,2.65,3.29,0.78,3.06,6.9
0.0808,0.0,2.18,1.76,0.4,0.23,10.42,2.64,3.32,0.78,3.04,6.93
0.0831,0.0,2.16,1.75,0.39,0.23,10.44,2.62,3.33,0.76,3.02,6.94
0.0855,0.0,2.17,1.72,0.39,0.24,10.46,2.63,3.37,0.78,3.01,6.97
0.0878,0.0,2.16,1.71,0.39,0.24,10.48,2.62,3.39,0.78,3.0,6.99
0.0901,0.0,2.15,1.69,0.38,0.24,10.5,2.61,3.42,0.77,2.98,7.01
0.0924,0.0,2.14,1.67,0.38,0.24,10.52,2.6,3.44,0.77,2.96,7.04
0.0947,0.0,2.13,1.65,0.38,0.24,10.54,2.59,3.46,0.77,2.95,7.05
0.097,0.0,2.13,1.63,0.38,0.24,10.56,2.58,3.49,0.76,2.93,7.08
0.0993,0.0,2.12,1.61,0.37,0.25,10.58,2.58,3.51,0.76,2.92,7.1
0.1016,0.0,2.17,11.69,2.86,2.94,11.2,2.27,15.13,1.63,2.45,12.22
0.1039,0.0,2.17,11.68,2.86,2.93,11.21,2.27,15.11,1.61,2.44,12.28
0.1062,0.0,2.17,11.67,2.86,2.92,11.22,2.27,15.08,1.61,2.43,12.33
0.1085,0.0,2.17,11.66,2.85,2.91,11.23,2.27,15.06,1.6,2.42,12.39
0.1109,0.0,2.17,11.65,2.85,2.91,11.24,2.26,15.03,1.59,2.41,12.44
0.1132,0.0,2.17,11.63,2.85,2.9,11.26,2.26,15.01,1.58,2.4,12.49
0.1155,0.0,2.16,11.62,2.84,2.89,11.27,2.26,14.99,1.57,2.39,12.55
0.1178,0.0,2.17,11.61,2.84,2.88,11.28,2.25,14.96,1.56,2.38,12.6
0.1201,0.0,2.16,11.6,2.83,2.87,11.29,2.25,14.94,1.55,2.37,12.65
0.1224,0.0,2.16,11.59,2.83,2.86,11.31,2.25,14.91,1.54,2.35,12.7
0.1247,0.0,2.16,11.58,2.83,2.86,11.32,2.24,14.89,1.54,2.34,12.76
0.127,0.0,2.16,11.56,2.83,2.85,11.33,2.24,14.86,1.52,2.33,12.81
0.1293,0.0,2.15,11.55,2.82,2.84,11.34,2.23,14.84,1.52,2.32,12.86
0.1316,0.0,2.15,11.54,2.82,2.83,11.35,2.23,14.81,1.5,2.31,12.91
0.1339,0.0,2.15,11.52,2.82,2.83,11.37,2.23,14.79,1.5,2.3,12.97
0.1363,0.0,2.15,11.51,2.81,2.82,11.38,2.22,14.76,1.48,2.29,13.02
0.1386,0.0,2.15,11.49,2.81,2.81,11.39,2.21,14.74,1.47,2.28,13.07
0.1409,0.0,2.15,11.48,2.8,2.81,11.41,2.21,14.71,1.46,2.26,13.12
0.1432,0.0,2.15,11.46,2.8,2.8,11.42,2.2,14.68,1.44,2.25,13.17
0.1455,0.0,2.15,11.45,2.8,2.79,11.43,2.19,14.66,1.43,2.24,13.23
0.1478,0.0,2.14,11.43,2.79,2.78,11.44,2.19,14.63,1.42,2.23,13.28
0.1501,0.0,2.15,11.42,2.79,2.78,11.46,2.18,14.61,1.41,2.22,13.33
0.1524,0.0,2.14,11.4,2.79,2.77,11.47,2.17,14.58,1.41,2.2,13.38
0.1547,0.0,2.14,11.38,2.78,2.77,11.49,2.17,14.55,1.4,2.19,13.43
0.157,0.0,2.14,11.36,2.78,2.76,11.5,2.16,14.53,1.39,2.18,13.48
0.1594,0.0,2.14,11.35,2.78,2.75,11.51,2.15,14.5,1.38,2.16,13.53
0.1617,0.0,2.14,11.33,2.77,2.75,11.53,2.14,14.47,1.37,2.15,13.58
0.164,0.0,2.14,11.31,2.77,2.74,11.55,2.13,14.44,1.37,2.14,13.63
0.1663,0.0,2.14,11.29,2.77,2.73,11.56,2.12,14.42,1.36,2.12,13.68
0.1686,0.0,2.14,11.27,2.76,2.73,11.58,2.11,14.39,1.35,2.11,13.73
0.1709,0.0,2.14,11.25,2.76,2.72,11.6,2.1,14.37,1.35,2.1,13.78
0.1732,0.0,2.14,11.23,2.75,2.72,11.61,2.09,14.34,1.34,2.08,13.83
0.1755,0.0,2.14,11.22,2.75,2.71,11.63,2.09,14.32,1.33,2.07,13.88
0.1778,0.0,2.14,11.2,2.75,2.71,11.65,2.08,14.3,1.33,2.05,13.93
0.1801,0.0,2.14,11.18,2.75,2.7,11.66,2.07,14.27,1.32,2.04,13.98
0.1824,0.0,2.14,11.16,2.74,2.7,11.68,2.06,14.25,1.32,2.03,14.02
0.1848,0.0,2.14,11.13,2.74,2.69,11.7,2.05,14.22,1.33,2.01,14.07
0.1871,0.0,2.15,11.11,2.73,2.69,11.72,2.04,14.2,1.33,2.0,14.12
0.1894,0.0,2.14,11.09,2.73,2.68,11.73,2.03,14.17,1.34,1.98,14.17
0.1917,0.0,2.15,11.07,2.73,2.68,11.75,2.02,14.15,1.34,1.97,14.22
0.194,0.0,2.13,11.05,2.71,2.67,11.77,2.01,14.12,1.33,1.95,14.27
0.1963,0.0,2.15,11.03,2.72,2.67,11.79,2.0,14.1,1.34,1.94,14.31
0.1986,0.0,2.15,11.0,2.71,2.67,11.8,1.99,14.07,1.34,1.92,14.36
0.2009,0.0,2.16,10.98,2.71,2.67,11.82,1.98,14.05,1.35,1.91,14.41
0.2032,0.0,2.16,10.96,2.71,2.66,11.84,1.97,14.03,1.35,1.89,14.46
0.2055,0.0,2.16,10.94,2.7,2.66,11.86,1.96,14.0,1.36,1.88,14.51
0.2079,0.0,2.16,10.91,2.7,2.66,11.87,1.96,13.97,1.36,1.87,14.56
0.2102,0.0,2.16,10.89,2.69,2.65,11.89,1.97,13.95,1.37,1.85,14.61
0.2125,0.0,2.17,10.87,2.68,2.65,11.91,1.98,13.92,1.37,1.84,14.66
0.2148,0.0,2.17,10.84,2.69,2.65,11.92,2.0,13.9,1.37,1.83,14.71
0.2171,0.0,2.17,10.82,2.68,2.65,11.94,2.01,13.87,1.38,1.86,14.76
0.2194,0.0,2.18,10.79,2.68,2.65,11.96,2.03,13.85,1.38,1.88,14.8
0.2217,0.0,2.18,10.77,2.67,2.64,11.97,2.04,13.82,1.39,1.91,14.85
0.224,0.0,2.18,10.75,2.66,2.64,11.99,2.05,13.8,1.39,1.94,14.9
0.2263,0.0,2.19,10.72,2.66,2.64,12.01,2.07,13.77,1.39,1.96,14.95
0.2286,0.0,2.19,10.7,2.65,2.64,12.03,2.08,13.75,1.4,1.99,15.0
0.2309,0.0,2.2,10.67,2.66,2.64,12.04,2.1,13.72,1.4,2.01,15.05
0.2333,0.0,2.2,10.65,2.65,2.64,12.06,2.12,13.69,1.4,2.04,15.1
0.2356,0.0,2.2,10.62,2.65,2.64,12.08,2.13,13.67,1.41,2.07,15.14
0.2379,0.0,2.21,10.6,2.64,2.64,12.09,2.15,13.65,1.41,2.09,15.19
0.2402,0.0,2.21,10.57,2.64,2.64,12.11,2.16,13.62,1.41,2.12,15.24
0.2425,0.0,2.22,10.54,2.64,2.64,12.13,2.18,13.59,1.42,2.14,15.29
0.2448,0.0,2.23,10.52,2.63,2.64,12.15,2.19,13.57,1.43,2.17,15.33
0.2471,0.0,2.23,10.49,2.62,2.64,12.16,2.21,13.54,1.43,2.19,15.38
0.2494,0.0,2.24,10.47,2.62,2.64,12.18,2.23,13.52,1.43,2.22,15.43
0.2517,0.0,2.24,10.44,2.62,2.64,12.2,2.24,13.49,1.44,2.25,15.48
0.254,0.0,2.24,10.42,2.61,2.64,12.21,2.26,13.47,1.44,2.27,15.52
0.2564,0.0,2.25,10.39,2.61,2.65,12.23,2.28,13.44,1.45,2.3,15.57
0.2587,0.0,2.26,10.36,2.6,2.65,12.25,2.29,13.41,1.45,2.33,15.62
0.261,0.0,2.26,10.33,2.6,2.65,12.26,2.31,13.39,1.46,2.35,15.67
0.2633,0.0,2.27,10.31,2.59,2.65,12.28,2.32,13.36,1.46,2.38,15.71
0.2656,0.0,2.26,10.28,2.58,2.65,12.29,2.33,13.33,1.47,2.4,15.76
0.2679,0.0,2.28,10.25,2.58,2.66,12.31,2.35,13.31,1.47,2.43,15.81
0.2702,0.0,2.29,10.23,2.58,2.66,12.32,2.37,13.28,1.47,2.45,15.85
0.2725,0.0,2.29,10.2,2.58,2.66,12.34,2.39,13.26,1.48,2.48,15.9
0.2748,0.0,2.3,10.17,2.57,2.67,12.36,2.4,13.23,1.48,2.5,15.94
0.2771,0.0,2.31,10.14,2.57,2.67,12.37,2.42,13.2,1.49,2.52,15.99
0.2794,0.0,2.32,10.12,2.56,2.67,12.39,2.43,13.18,1.49,2.55,16.03
0.2818,0.0,2.33,10.09,2.56,2.68,12.4,2.45,13.15,1.5,2.57,16.08
0.2841,0.0,2.33,10.06,2.55,2.68,12.42,2.46,13.12,1.5,2.6,16.13
0.2864,0.0,2.34,10.03,2.55,2.69,12.43,2.48,13.1,1.51,2.62,16.17
0.2887,0.0,2.35,10.0,2.54,2.69,12.45,2.49,13.07,1.51,2.64,16.22
0.291,0.0,2.36,9.98,2.54,2.7,12.46,2.51,13.04,1.52,2.67,16.26
0.2933,0.0,2.37,9.95,2.53,2.7,12.48,2.52,13.02,1.52,2.69,16.31
0.2956,0.0,2.38,9.92,2.53,2.71,12.49,2.54,12.99,1.53,2.71,16.35
0.2979,0.0,2.4,9.89,2.53,2.71,12.5,2.55,12.97,1.53,2.74,16.39
0.3002,0.0,2.41,9.86,2.52,2.72,12.52,2.56,12.94,1.53,2.76,16.43
0.3025,0.0,2.42,9.84,2.52,2.72,12.53,2.58,12.92,1.54,2.78,16.48
0.3048,0.0,2.43,9.81,2.52,2.73,12.54,2.59,12.89,1.54,2.8,16.52
0.3072,0.0,2.44,9.78,2.51,2.74,12.56,2.61,12.86,1.54,2.83,16.56
0.3095,0.0,2.46,9.75,2.51,2.74,12.57,2.62,12.84,1.54,2.85,16.6
0.3118,0.0,2.47,9.72,2.51,2.75,12.58,2.64,12.82,1.55,2.87,16.64
0.3141,0.0,2.48,9.69,2.5,2.76,12.59,2.65,12.79,1.55,2.89,16.68
0.3164,0.0,2.49,9.67,2.5,2.77,12.61,2.66,12.77,1.55,2.91,16.72
0.3187,0.0,2.5,9.64,2.49,2.77,12.62,2.67,12.74,1.55,2.93,16.76
0.321,0.0,2.51,9.61,2.5,2.78,12.63,2.69,12.72,1.56,2.96,16.8
0.3233,0.0,2.53,9.58,2.49,2.79,12.64,2.7,12.7,1.56,2.98,16.84
0.3256,0.0,2.54,9.55,2.49,2.8,12.65,2.71,12.67,1.56,3.0,16.87
0.3279,0.0,2.55,9.52,2.49,2.81,12.66,2.73,12.65,1.57,3.02,16.91
0.3303,0.0,2.56,9.49,2.49,2.82,12.67,2.74,12.63,1.57,3.04,16.95
0.3326,0.0,2.58,9.47,2.49,2.83,12.68,2.76,12.61,1.57,3.06,16.99
0.3349,0.0,2.59,9.44,2.48,2.84,12.69,2.77,12.58,1.57,3.08,17.02
0.3372,0.0,2.6,9.41,2.48,2.85,12.7,2.78,12.56,1.58,3.1,17.06
0.3395,0.0,2.61,9.38,2.48,2.86,12.71,2.79,12.54,1.58,3.12,17.09
0.3418,0.0,2.62,9.36,2.48,2.87,12.72,2.81,12.52,1.59,3.14,17.12
0.3441,0.0,2.63,9.33,2.47,2.88,12.73,2.82,12.5,1.59,3.16,17.15
0.3464,0.0,2.64,9.3,2.48,2.9,12.74,2.83,12.48,1.59,3.18,17.18
0.3487,0.0,2.66,9.27,2.47,2.91,12.75,2.85,12.46,1.59,3.2,17.21
0.351,0.0,2.67,9.24,2.47,2.92,12.76,2.86,12.44,1.6,3.22,17.24
0.3533,0.0,2.68,9.22,2.47,2.93,12.77,2.87,12.42,1.6,3.24,17.26
0.3557,0.0,2.69,9.19,2.48,2.95,12.78,2.88,12.4,1.61,3.26,17.28
0.358,0.0,2.7,9.16,2.46,2.96,12.79,2.9,12.38,1.61,3.28,17.29
0.3603,0.0,2.71,9.13,2.46,2.97,12.79,2.91,12.36,1.61,3.3,17.31
0.3626,0.0,2.72,9.1,2.47,2.98,12.8,2.92,12.34,1.62,3.32,17.32
0.3649,0.0,2.73,9.07,2.46,3.0,12.81,2.93,12.32,1.62,3.34,17.34
0.3672,0.0,2.75,9.05,2.47,3.01,12.82,2.95,12.3,1.63,3.35,17.35
0.3695,0.0,2.77,9.02,2.47,3.03,12.82,2.96,12.28,1.63,3.37,17.37
0.3718,0.0,2.78,8.99,2.46,3.04,12.83,2.97,12.26,1.63,3.39,17.38
0.3741,0.0,2.8,8.96,2.47,3.05,12.84,2.98,12.24,1.64,3.41,17.39
0.3764,0.0,2.81,8.93,2.47,3.07,12.84,3.0,12.22,1.64,3.43,17.41
0.3788,0.0,2.83,8.9,2.46,3.08,12.85,3.01,12.2,1.65,3.45,17.42
0.3811,0.0,2.84,8.87,2.47,3.1,12.86,3.02,12.17,1.65,3.46,17.43
0.3834,0.0,2.86,8.85,2.46,3.11,12.87,3.03,12.15,1.65,3.48,17.44
0.3857,0.0,2.87,8.82,2.46,3.12,12.87,3.04,12.13,1.65,3.5,17.45
0.388,0.0,2.89,8.79,2.46,3.14,12.88,3.06,12.11,1.66,3.52,17.48
0.3903,0.0,2.9,8.77,2.46,3.15,12.89,3.07,12.09,1.66,3.54,17.51
0.3926,0.0,2.91,8.74,2.45,3.17,12.89,3.08,12.07,1.66,3.55,17.54
0.3949,0.0,2.93,8.71,2.46,3.18,12.9,3.09,12.05,1.67,3.57,17.55
0.3972,0.0,2.95,8.69,2.45,3.2,12.9,3.11,12.03,1.67,3.59,17.57
0.3995,0.0,2.97,8.66,2.45,3.21,12.91,3.12,12.01,1.68,3.61,17.59
0.4018,0.0,2.98,8.63,2.45,3.23,12.92,3.13,11.99,1.68,3.62,17.6
0.4042,0.0,3.0,8.6,2.45,3.25,12.92,3.14,11.96,1.68,3.64,17.62
0.4065,0.0,3.02,8.58,2.45,3.26,12.93,3.16,11.94,1.69,3.66,17.63
0.4088,0.0,3.03,8.55,2.45,3.28,12.94,3.17,11.92,1.69,3.68,17.65
0.4111,0.0,3.05,8.52,2.44,3.29,12.94,3.18,11.9,1.69,3.69,17.66
0.4134,0.0,3.07,8.49,2.45,3.31,12.95,3.19,11.87,1.7,3.71,17.68
0.4157,0.0,3.08,8.46,2.44,3.33,12.95,3.2,11.85,1.7,3.73,17.69
0.418,0.0,3.1,8.44,2.44,3.34,12.96,3.22,11.83,1.7,3.75,17.7
0.4203,0.0,3.11,8.41,2.44,3.36,12.96,3.23,11.81,1.71,3.76,17.72
0.4226,0.0,3.13,8.38,2.44,3.37,12.97,3.24,11.79,1.7,3.78,17.73
0.4249,0.0,3.15,8.35,2.44,3.39,12.98,3.26,11.76,1.71,3.8,17.75
0.4273,0.0,3.17,8.33,2.44,3.41,12.98,3.27,11.74,1.71,3.81,17.76
0.4296,0.0,3.19,8.3,2.44,3.43,12.99,3.28,11.72,1.72,3.83,17.77
0.4319,0.0,3.21,8.27,2.44,3.44,12.99,3.29,11.7,1.72,3.85,17.79
0.4342,0.0,3.23,8.24,2.43,3.46,13.0,3.3,11.67,1.72,3.86,17.8
0.4365,0.0,3.25,8.22,2.43,3.48,13.0,3.31,11.65,1.72,3.88,17.81
0.4388,0.0,3.27,8.19,2.43,3.5,13.01,3.33,11.63,1.73,3.9,17.82
0.4411,0.0,3.28,8.16,2.43,3.51,13.01,3.34,11.61,1.73,3.91,17.84
0.4434,0.0,3.3,8.14,2.43,3.53,13.02,3.35,11.59,1.73,3.93,17.85
0.4457,0.0,3.32,8.11,2.43,3.55,13.02,3.36,11.57,1.73,3.95,17.86
0.448,0.0,3.35,8.08,2.43,3.57,13.03,3.38,11.54,1.74,3.96,17.87
0.4503,0.0,3.37,8.06,2.43,3.59,13.03,3.39,11.52,1.74,3.98,17.88
0.4527,0.0,3.39,8.03,2.43,3.61,13.04,3.4,11.5,1.74,4.0,17.89
0.455,0.0,3.4,8.0,2.43,3.63,13.04,3.41,11.47,1.74,4.01,17.91
0.4573,0.0,3.43,7.97,2.42,3.65,13.05,3.43,11.45,1.74,4.03,17.92
0.4596,0.0,3.45,7.95,2.43,3.67,13.05,3.44,11.42,1.75,4.05,17.93
0.4619,0.0,3.47,7.92,2.43,3.69,13.06,3.46,11.4,1.75,4.06,17.94
0.4642,0.0,3.49,7.89,2.43,3.72,13.06,3.47,11.38,1.75,4.08,17.95
0.4665,0.0,3.52,7.87,2.43,3.74,13.07,3.48,11.36,1.75,4.1,17.96
0.4688,0.0,3.53,7.84,2.42,3.76,13.07,3.49,11.34,1.75,4.11,17.97
0.4711,0.0,3.55,7.82,2.42,3.78,13.08,3.51,11.31,1.76,4.13,17.98
0.4734,0.0,3.58,7.79,2.42,3.81,13.08,3.53,11.29,1.77,4.15,17.99
0.4758,0.0,3.6,7.76,2.43,3.84,13.09,3.54,11.27,1.77,4.17,18.0
0.4781,0.0,3.62,7.74,2.43,3.86,13.09,3.55,11.24,1.77,4.18,18.01
0.4804,0.0,3.65,7.71,2.43,3.88,13.1,3.56,11.22,1.78,4.2,18.01
0.4827,0.0,3.67,7.69,2.43,3.91,13.11,3.58,11.2,1.79,4.22,18.02
0.485,0.0,3.69,7.67,2.43,3.94,13.11,3.59,11.18,1.79,4.24,18.03
0.4873,0.0,3.72,7.64,2.43,3.96,13.12,3.61,11.15,1.8,4.25,18.04
0.4896,0.0,3.74,7.62,2.43,3.99,13.12,3.62,11.13,1.8,4.27,18.04
0.4919,0.0,3.76,7.59,2.43,4.02,13.13,3.64,11.11,1.81,4.29,18.05
0.4942,0.0,3.79,7.57,2.43,4.05,13.13,3.65,11.09,1.82,4.3,18.06
0.4965,0.0,3.81,7.54,2.44,4.07,13.14,3.67,11.06,1.82,4.32,18.06
0.4988,0.0,3.84,7.52,2.44,4.1,13.14,3.68,11.04,1.83,4.34,18.06
0.5012,0.0,3.86,7.5,2.44,4.13,13.15,3.7,11.02,1.83,4.35,18.07
0.5035,0.0,3.89,7.48,2.44,4.16,13.15,3.71,11.0,1.84,4.37,18.07
0.5058,0.0,3.92,7.45,2.44,4.19,13.16,3.73,10.98,1.84,4.39,18.07
0.5081,0.0,3.95,7.43,2.44,4.22,13.16,3.74,10.95,1.85,4.41,18.07
0.5104,0.0,3.97,7.41,2.45,4.25,13.17,3.76,10.93,1.86,4.42,18.08
0.5127,0.0,4.0,7.38,2.45,4.28,13.17,3.77,10.91,1.86,4.44,18.08
0.515,0.0,4.02,7.36,2.45,4.31,13.17,3.79,10.88,1.87,4.45,18.09
0.5173,0.0,4.04,7.34,2.46,4.34,13.18,3.79,10.86,1.87,4.47,18.09
0.5196,0.0,4.07,7.31,2.46,4.37,13.18,3.81,10.83,1.88,4.48,18.09
0.5219,0.0,4.1,7.29,2.46,4.4,13.19,3.83,10.81,1.88,4.5,18.09
0.5242,0.0,4.13,7.27,2.46,4.44,13.19,3.85,10.79,1.89,4.52,18.09
0.5266,0.0,4.16,7.25,2.47,4.47,13.2,3.86,10.77,1.9,4.53,18.09
0.5289,0.0,4.19,7.23,2.47,4.51,13.2,3.88,10.74,1.91,4.55,18.09
0.5312,0.0,4.22,7.21,2.47,4.54,13.2,3.89,10.72,1.91,4.57,18.09
0.5335,0.0,4.24,7.19,2.48,4.57,13.2,3.9,10.69,1.91,4.58,18.09
0.5358,0.0,4.27,7.16,2.48,4.61,13.21,3.91,10.67,1.92,4.59,18.1
0.5381,0.0,4.3,7.14,2.48,4.64,13.21,3.93,10.64,1.93,4.61,18.1
0.5404,0.0,4.32,7.12,2.48,4.67,13.21,3.94,10.62,1.92,4.62,18.11
0.5427,0.0,4.36,7.1,2.49,4.71,13.21,3.95,10.6,1.94,4.64,18.11
0.545,0.0,4.39,7.08,2.49,4.75,13.21,3.96,10.57,1.95,4.65,18.11
0.5473,0.0,4.39,7.06,2.5,4.78,13.21,3.96,10.54,1.92,4.67,18.11
0.5497,0.0,4.44,7.04,2.5,4.82,13.21,3.98,10.52,1.94,4.68,18.11
0.552,0.0,4.49,7.02,2.5,4.86,13.21,4.0,10.49,1.97,4.69,18.11
0.5543,0.0,4.49,7.0,2.5,4.89,13.21,4.01,10.46,1.96,4.71,18.11
0.5566,0.0,4.54,6.98,2.51,4.93,13.21,4.02,10.43,1.99,4.72,18.12
0.5589,0.0,4.58,6.96,2.51,4.97,13.21,4.04,10.41,2.0,4.73,18.12
0.5612,0.0,4.62,6.94,2.52,5.01,13.21,4.05,10.38,2.01,4.75,18.13
0.5635,0.0,4.61,6.92,2.52,5.04,13.2,4.04,10.35,1.99,4.76,18.14
0.5658,0.0,4.68,6.9,2.52,5.08,13.2,4.07,10.33,2.02,4.77,18.15
0.5681,0.0,4.71,6.88,2.53,5.12,13.2,4.07,10.3,2.03,4.78,18.15
0.5704,0.0,4.73,6.86,2.53,5.16,13.2,4.08,10.27,2.02,4.79,18.15
0.5727,0.0,4.78,6.84,2.53,5.2,13.19,4.1,10.25,2.05,4.8,18.16
0.5751,0.0,4.78,6.82,2.53,5.23,13.19,4.09,10.22,2.03,4.82,18.17
0.5774,0.0,4.85,6.8,2.54,5.27,13.18,4.12,10.19,2.06,4.83,18.18
0.5797,0.0,4.88,6.78,2.54,5.31,13.18,4.13,10.16,2.07,4.84,18.19
0.582,0.0,4.91,6.76,2.55,5.35,13.17,4.14,10.14,2.07,4.85,18.19
0.5843,0.0,4.96,6.74,2.55,5.4,13.17,4.16,10.1,2.09,4.86,18.2
0.5866,0.0,4.99,6.72,2.56,5.43,13.16,4.18,10.07,2.1,4.86,18.21
0.5889,0.0,5.03,6.69,2.56,5.47,13.15,4.19,10.04,2.11,4.88,18.21
0.5912,0.0,5.06,6.67,2.57,5.5,13.15,4.2,10.01,2.11,4.88,18.22
0.5935,0.0,5.09,6.65,2.57,5.55,13.14,4.22,9.98,2.12,4.89,18.23
0.5958,0.0,5.11,6.62,2.58,5.59,13.13,4.24,9.96,2.13,4.9,18.23
0.5982,0.0,5.15,6.6,2.58,5.63,13.13,4.28,9.93,2.14,4.91,18.24
0.6005,0.0,5.18,6.58,2.59,5.67,13.12,4.31,9.9,2.15,4.92,18.25
0.6028,0.0,5.22,6.55,2.59,5.7,13.11,4.35,9.87,2.16,4.92,18.25
0.6051,0.0,5.26,6.53,2.6,5.74,13.1,4.39,9.83,2.17,4.93,18.26
0.6074,0.0,5.28,6.5,2.6,5.78,13.09,4.41,9.8,2.19,4.94,18.26
0.6097,0.0,5.32,6.48,2.61,5.82,13.08,4.45,9.77,2.2,4.95,18.27
0.612,0.0,5.35,6.45,2.61,5.86,13.07,4.48,9.73,2.21,4.95,18.27
0.6143,0.0,5.38,6.42,2.62,5.89,13.06,4.51,9.7,2.22,4.96,18.28
0.6166,0.0,5.41,6.4,2.63,5.93,13.04,4.54,9.66,2.23,4.97,18.28
0.6189,0.0,5.43,6.37,2.62,5.97,13.03,4.56,9.63,2.23,4.97,18.29
0.6212,0.0,5.47,6.34,2.63,6.0,13.02,4.6,9.59,2.24,4.98,18.29
0.6236,0.0,5.49,6.32,2.64,6.04,13.0,4.62,9.55,2.24,4.98,18.29
0.6259,0.0,5.5,6.29,2.65,6.07,12.99,4.63,9.51,2.24,4.99,18.29
0.6282,0.0,5.52,6.26,2.65,6.09,12.97,4.65,9.47,2.25,4.99,18.3
0.6305,0.0,5.55,6.23,2.66,6.13,12.95,4.68,9.44,2.24,4.99,18.3
0.6328,0.0,5.55,6.2,2.66,6.16,12.93,4.68,9.4,2.24,4.99,18.3
0.6351,0.0,5.58,6.17,2.67,6.19,12.91,4.71,9.35,2.23,4.99,18.3
0.6374,0.0,5.6,6.14,2.67,6.23,12.89,4.73,9.31,2.23,4.99,18.3
0.6397,0.0,5.66,6.11,2.68,6.27,12.88,4.79,9.27,2.25,5.0,18.3
0.642,0.0,5.68,6.08,2.69,6.3,12.86,4.81,9.23,2.25,5.0,18.3
0.6443,0.0,5.7,6.06,2.7,6.33,12.84,4.83,9.2,2.26,5.0,18.3
0.6467,0.0,5.74,6.04,2.71,6.37,12.82,4.87,9.16,2.26,5.0,18.3
0.649,0.0,5.72,6.01,2.72,6.39,12.8,4.85,9.13,2.24,5.01,18.3
0.6513,0.0,5.73,5.99,2.73,6.42,12.77,4.86,9.1,2.24,5.0,18.29
0.6536,0.0,5.79,5.98,2.74,6.46,12.76,4.92,9.07,2.27,5.0,18.29
0.6559,0.0,5.81,5.96,2.75,6.49,12.73,4.94,9.04,2.26,5.0,18.29
0.6582,0.0,5.8,5.94,2.76,6.51,12.71,4.93,9.01,2.25,5.0,18.29
0.6605,0.0,5.84,5.93,2.77,6.56,12.69,4.97,8.99,2.27,5.0,18.29
0.6628,0.0,5.83,5.91,2.79,6.57,12.66,4.97,8.96,2.25,4.99,18.28
0.6651,0.0,5.82,5.9,2.8,6.59,12.63,4.96,8.94,2.24,4.99,18.28
0.6674,0.0,5.82,5.89,2.81,6.61,12.6,4.96,8.92,2.23,4.98,18.28
0.6697,0.0,5.83,5.87,2.83,6.63,12.57,4.97,8.9,2.22,4.98,18.27
0.6721,0.0,5.83,5.86,2.84,6.65,12.54,4.96,8.88,2.2,4.97,18.26
0.6744,0.0,5.81,5.85,2.85,6.66,12.51,4.94,8.86,2.18,4.96,18.26
0.6767,0.0,5.81,5.85,2.87,6.68,12.47,4.96,8.85,2.18,4.95,18.25
0.679,0.0,5.76,5.84,2.88,6.67,12.42,4.92,8.83,2.16,4.94,18.25
0.6813,0.0,5.77,5.83,2.89,6.7,12.39,4.92,8.82,2.15,4.93,18.25
0.6836,0.0,5.74,5.83,2.91,6.71,12.35,4.9,8.81,2.11,4.92,18.25
0.6859,0.0,5.74,5.82,2.91,6.72,12.31,4.9,8.8,2.1,4.91,18.25
0.6882,0.0,5.69,5.82,2.92,6.72,12.25,4.84,8.8,2.06,4.89,18.24
0.6905,0.0,5.6,5.81,2.93,6.73,12.15,4.73,8.79,1.93,4.83,18.24
0.6928,0.0,5.65,5.8,2.95,6.77,12.14,4.78,8.78,1.98,4.85,18.23
0.6952,0.0,5.64,5.79,2.96,6.8,12.08,4.77,8.77,1.96,4.84,18.22
0.6975,0.0,5.67,5.79,2.97,6.84,12.04,4.8,8.76,1.96,4.84,18.22
0.6998,0.0,5.67,5.79,2.98,6.86,11.99,4.8,8.75,1.94,4.82,18.21
0.7021,0.0,5.68,5.79,2.99,6.89,11.93,4.81,8.75,1.91,4.8,18.2
0.7044,0.0,5.67,5.78,3.0,6.92,11.86,4.8,8.74,1.87,4.79,18.2
0.7067,0.0,5.69,5.78,3.01,6.96,11.81,4.82,8.74,1.88,4.78,18.2
0.709,0.0,5.72,5.76,3.01,6.99,11.77,4.85,8.75,1.85,4.77,18.19
0.7113,0.0,5.69,5.73,3.02,7.01,11.71,4.82,8.76,1.84,4.76,18.19
0.7136,0.0,5.71,5.72,3.03,7.05,11.66,4.84,8.79,1.82,4.76,18.18
0.7159,0.0,5.73,5.72,3.04,7.08,11.6,4.87,8.8,1.8,4.73,18.17
0.7182,0.0,5.73,5.69,3.04,7.1,11.55,4.87,8.85,1.8,4.73,18.16
0.7206,0.0,5.72,5.68,3.05,7.13,11.5,4.86,8.84,1.79,4.71,18.14
0.7229,0.0,5.71,5.7,3.06,7.15,11.43,4.85,8.83,1.76,4.68,18.13
0.7252,0.0,5.74,5.71,3.07,7.19,11.38,4.88,8.81,1.76,4.66,18.11
0.7275,0.0,5.74,5.72,3.07,7.21,11.33,4.89,8.78,1.75,4.66,18.09
0.7298,0.0,5.74,5.72,3.08,7.24,11.27,4.88,8.78,1.73,4.62,18.08
0.7321,0.0,5.76,5.73,3.09,7.27,11.22,4.9,8.75,1.75,4.63,18.08
0.7344,0.0,5.77,5.74,3.11,7.31,11.15,4.91,8.73,1.75,4.61,18.08
0.7367,0.0,5.78,5.75,3.11,7.33,11.12,4.92,8.69,1.75,4.61,18.07
0.739,0.0,5.78,5.77,3.13,7.36,11.06,4.92,8.69,1.76,4.59,18.06
0.7413,0.0,5.81,5.78,3.14,7.4,11.01,4.95,8.67,1.77,4.57,18.05
0.7436,0.0,5.78,5.79,3.15,7.39,10.92,4.92,8.65,1.75,4.52,18.04
0.746,0.0,5.81,5.81,3.16,7.44,10.87,4.96,8.63,1.78,4.52,18.02
0.7483,0.0,5.81,5.82,3.18,7.47,10.81,4.96,8.61,1.78,4.5,18.01
0.7506,0.0,5.84,5.82,3.19,7.5,10.75,4.99,8.59,1.79,4.49,18.01
0.7529,0.0,5.83,5.84,3.2,7.53,10.69,4.99,8.57,1.8,4.47,18.01
0.7552,0.0,5.84,5.85,3.21,7.56,10.65,5.0,8.55,1.81,4.47,18.02
0.7575,0.0,5.87,5.86,3.23,7.58,10.57,5.03,8.52,1.81,4.43,18.01
0.7598,0.0,5.86,5.88,3.23,7.61,10.53,5.02,8.51,1.83,4.45,18.02
0.7621,0.0,5.88,5.89,3.24,7.64,10.48,5.04,8.48,1.84,4.45,18.02
0.7644,0.0,5.92,5.89,3.25,7.66,10.42,5.08,8.45,1.85,4.45,18.02
0.7667,0.0,5.93,5.91,3.26,7.68,10.37,5.09,8.42,1.85,4.44,18.03
0.7691,0.0,5.91,5.92,3.26,7.73,10.32,5.08,8.39,1.88,4.47,18.03
0.7714,0.0,5.94,5.93,3.27,7.75,10.26,5.1,8.35,1.89,4.48,18.03
0.7737,0.0,5.93,5.94,3.28,7.76,10.2,5.1,8.32,1.87,4.45,18.03
0.776,0.0,5.95,5.95,3.29,7.78,10.16,5.12,8.28,1.89,4.45,18.04
0.7783,0.0,5.94,5.96,3.29,7.8,10.08,5.11,8.24,1.91,4.49,18.04
0.7806,0.0,5.96,5.96,3.29,7.84,10.07,5.14,8.21,1.94,4.5,18.04
0.7829,0.0,5.94,5.97,3.3,7.83,9.99,5.12,8.18,1.95,4.51,18.04
0.7852,0.0,5.97,5.98,3.3,7.88,9.96,5.15,8.15,1.97,4.52,18.05
0.7875,0.0,5.98,5.99,3.31,7.88,9.87,5.16,8.12,1.97,4.52,18.05
0.7898,0.0,5.94,6.0,3.31,7.9,9.82,5.12,8.12,1.94,4.5,18.06
0.7921,0.0,5.99,6.01,3.31,7.93,9.79,5.18,8.09,2.0,4.5,18.06
0.7945,0.0,6.0,6.02,3.32,7.98,9.73,5.19,8.08,2.01,4.53,18.07
0.7968,0.0,6.01,6.03,3.32,8.0,9.67,5.2,8.06,2.02,4.55,18.07
0.7991,0.0,6.01,6.04,3.29,8.01,9.61,5.2,8.01,2.01,4.55,18.07
0.8014,0.0,5.92,6.04,3.32,8.0,9.53,5.11,8.04,1.95,4.5,18.08
0.8037,0.0,5.93,6.06,3.34,8.01,9.45,5.11,8.0,1.99,4.5,18.08
0.806,0.0,5.93,6.07,3.34,8.05,9.35,5.13,7.98,2.01,4.51,18.09
0.8083,0.0,6.01,6.09,3.38,8.05,9.36,5.21,7.96,2.07,4.55,18.1
0.8106,0.0,6.01,6.1,3.42,8.1,9.24,5.22,7.94,2.06,4.57,18.11
0.8129,0.0,5.96,6.1,3.45,8.09,9.24,5.17,7.93,2.08,4.53,18.11
0.8152,0.0,6.0,6.13,3.46,8.12,9.17,5.2,7.92,2.1,4.55,18.12
0.8176,0.0,5.87,6.14,3.5,8.04,9.07,5.08,7.87,2.03,4.51,18.14
0.8199,0.0,5.98,6.15,3.5,8.16,9.01,5.19,7.9,2.13,4.51,18.13
0.8222,0.0,5.85,6.2,3.46,8.06,8.93,5.06,7.9,2.0,4.49,18.14
0.8245,0.0,5.88,6.21,3.47,8.11,8.87,5.09,7.91,2.11,4.51,18.19
0.8268,0.0,5.87,6.2,3.5,8.09,8.79,5.09,7.87,2.14,4.49,18.17
0.8291,0.0,5.89,6.26,3.48,8.13,8.75,5.09,7.89,2.16,4.51,18.16
0.8314,0.0,5.88,6.28,3.49,8.14,8.67,5.1,7.9,2.19,4.48,18.19
0.8337,0.0,5.85,6.32,3.48,8.13,8.61,5.05,7.84,2.17,4.49,18.19
0.836,0.0,5.84,6.33,3.45,8.13,8.53,5.06,7.86,2.19,4.48,18.21
0.8383,0.0,5.82,6.33,3.48,8.12,8.5,5.02,7.83,2.16,4.48,18.21
0.8406,0.0,5.82,6.35,3.51,8.15,8.41,5.02,7.81,2.2,4.46,18.22
0.843,0.0,5.72,6.4,3.57,8.09,8.35,4.94,7.85,2.08,4.42,18.22
0.8453,0.0,5.71,6.42,3.58,8.1,8.3,4.94,7.85,2.23,4.41,18.23
0.8476,0.0,5.71,6.45,3.6,8.13,8.22,4.93,7.77,2.22,4.44,18.24
0.8499,0.0,5.69,6.45,3.62,8.11,8.16,4.9,7.75,2.12,4.42,18.24
0.8522,0.0,5.64,6.46,3.57,8.09,8.1,4.87,7.65,2.21,4.4,18.25
0.8545,0.0,5.68,6.48,3.54,8.1,8.01,4.91,7.61,2.26,4.37,18.26
0.8568,0.0,5.65,6.53,3.56,8.1,7.99,4.88,7.71,2.24,4.39,18.27
0.8591,0.0,5.62,6.56,3.56,8.1,7.94,4.84,7.75,2.2,4.38,18.26
0.8614,0.0,5.62,6.6,3.51,8.13,7.84,4.86,7.76,2.31,4.37,18.27
0.8637,0.0,5.63,6.66,3.54,8.1,7.79,4.87,7.75,2.3,4.37,18.27
0.8661,0.0,5.48,6.59,3.49,7.95,7.7,4.67,7.42,2.27,4.3,18.28
0.8684,0.0,5.55,6.62,3.59,8.12,7.7,4.71,7.67,2.25,4.41,18.29
0.8707,0.0,5.51,6.66,3.58,8.08,7.66,4.74,7.59,2.32,4.36,18.28
0.873,0.0,5.54,6.74,3.59,8.1,7.59,4.74,7.64,2.28,4.32,18.29
0.8753,0.0,5.49,6.76,3.53,8.07,7.46,4.74,7.63,2.31,4.31,18.3
0.8776,0.0,5.43,6.77,3.55,8.01,7.42,4.68,7.51,2.36,4.28,18.31
0.8799,0.0,5.42,6.79,3.59,8.01,7.37,4.67,7.46,2.33,4.3,18.31
0.8822,0.0,5.33,6.77,3.58,7.98,7.28,4.58,7.43,2.3,4.26,18.3
0.8845,0.0,5.34,6.81,3.6,7.98,7.24,4.59,7.44,2.4,4.26,18.32
0.8868,0.0,5.36,6.9,3.59,8.05,7.17,4.61,7.55,2.3,4.25,18.32
0.8891,0.0,5.2,6.89,3.59,7.91,7.08,4.49,7.39,2.4,4.18,18.34
0.8915,0.0,5.19,6.9,3.6,7.87,7.04,4.43,7.25,2.38,4.17,18.33
0.8938,0.0,5.26,6.98,3.62,7.96,7.02,4.45,7.5,2.38,4.22,18.34
0.8961,0.0,5.2,7.03,3.64,7.94,6.92,4.48,7.46,2.35,4.14,18.33
0.8984,0.0,5.08,6.95,3.62,7.82,6.85,4.28,7.21,2.4,4.1,18.34
0.9007,0.0,5.25,7.09,3.69,7.99,6.87,4.51,7.53,2.32,4.21,18.36
0.903,0.0,5.0,6.99,3.64,7.77,6.76,4.24,7.22,2.36,4.1,18.37
0.9053,0.0,4.92,7.02,3.64,7.72,6.7,4.13,7.13,2.36,4.02,18.37
0.9076,0.0,4.91,7.08,3.68,7.71,6.6,4.12,7.18,2.4,4.01,18.37
0.9099,0.0,4.96,7.12,3.67,7.79,6.57,4.14,7.28,2.43,4.06,18.38
0.9122,0.0,4.9,7.13,3.67,7.79,6.52,4.12,7.28,2.31,4.03,18.38
0.9145,0.0,4.79,7.09,3.67,7.61,6.43,4.06,7.07,2.38,3.94,18.4
0.9169,0.0,4.88,7.19,3.72,7.75,6.41,4.13,7.25,2.35,4.04,18.41
0.9192,0.0,4.78,7.16,3.7,7.64,6.31,3.99,7.12,2.34,3.97,18.44
0.9215,0.0,4.79,7.2,3.69,7.67,6.26,4.09,7.14,2.4,3.96,18.44
0.9238,0.0,4.77,7.21,3.72,7.67,6.22,4.06,7.13,2.37,3.96,18.45
0.9261,0.0,4.76,7.21,3.71,7.59,6.14,4.04,7.0,2.42,3.98,18.47
0.9284,0.0,4.8,7.4,3.76,7.67,6.07,4.02,7.29,2.34,3.95,18.48
0.9307,0.0,4.66,7.18,3.74,7.59,5.97,3.87,6.99,2.41,3.9,18.5
0.933,0.0,4.66,7.29,3.73,7.66,5.95,3.93,7.11,2.41,3.94,18.51
0.9353,0.0,4.62,7.34,3.75,7.62,5.91,3.88,7.1,2.32,3.91,18.53
0.9376,0.0,4.66,7.35,3.78,7.66,5.84,3.94,7.21,2.35,3.91,18.54
0.94,0.0,4.63,7.34,3.74,7.64,5.75,3.82,7.07,2.29,3.91,18.56
0.9423,0.0,4.71,7.37,3.78,7.67,5.72,3.88,7.17,2.31,3.95,18.56
0.9446,0.0,4.68,7.46,3.79,7.68,5.66,3.95,7.28,2.26,3.94,18.57
0.9469,0.0,4.54,7.29,3.75,7.53,5.53,3.78,7.06,2.24,3.89,18.59
0.9492,0.0,4.42,7.25,3.72,7.49,5.5,3.73,7.03,2.27,3.87,18.6
0.9515,0.0,4.63,7.5,3.77,7.67,5.49,3.82,7.26,2.28,3.93,18.63
0.9538,0.0,4.58,7.37,3.72,7.64,5.39,3.77,7.21,2.27,3.91,18.62
0.9561,0.0,4.39,7.39,3.7,7.58,5.32,3.61,7.05,2.29,3.86,18.63
0.9584,0.0,4.55,7.44,3.72,7.66,5.27,3.75,7.29,2.26,3.92,18.62
0.9607,0.0,4.43,7.34,3.68,7.6,5.23,3.64,7.09,2.25,3.89,18.63
0.963,0.0,4.29,7.26,3.63,7.53,5.16,3.52,7.1,2.3,3.86,18.63
0.9654,0.0,4.31,7.17,3.63,7.57,5.1,3.54,7.0,2.26,3.87,18.63
0.9677,0.0,4.31,7.32,3.7,7.56,5.06,3.55,7.15,2.27,3.86,18.64
0.97,0.0,4.23,7.21,3.66,7.55,4.99,3.46,7.06,2.22,3.87,18.62
0.9723,0.0,4.24,7.11,3.64,7.61,4.94,3.47,7.05,2.24,3.89,18.64
0.9746,0.0,4.25,7.16,3.67,7.56,4.89,3.47,7.06,2.25,3.89,18.62
0.9769,0.0,4.18,7.07,3.67,7.55,4.86,3.41,7.09,2.23,3.89,18.61
0.9792,0.0,4.17,7.08,3.69,7.58,4.89,3.4,7.2,2.27,3.9,18.61
0.9815,0.0,4.14,7.07,3.71,7.57,4.93,3.38,7.18,2.24,3.88,18.6
0.9838,0.0,4.12,7.22,3.72,7.59,4.94,3.35,7.26,2.25,3.9,18.59
0.9861,0.0,4.12,7.17,3.76,7.62,4.98,3.36,7.28,2.29,3.92,18.59
0.9885,0.0,4.12,7.08,3.75,7.61,5.03,3.36,7.29,2.28,3.94,18.58
0.9908,0.0,4.13,7.35,3.82,7.64,5.04,3.36,7.38,2.3,3.95,18.58
0.9931,0.0,4.11,7.08,3.79,7.66,5.06,3.34,7.38,2.34,3.95,18.54
0.9954,0.0,4.12,7.18,3.84,7.69,5.12,3.37,7.49,2.29,3.97,18.55
0.9977,0.0,4.08,6.93,3.81,7.68,5.16,3.43,7.44,2.36,4.0,18.47
1.0,0.0,4.09,6.95,3.81,7.71,5.15,3.51,7.51,2.55,4.0,18.44
1.0023,0.0,4.12,7.01,3.85,7.71,5.18,3.59,7.52,2.59,4.03,18.44
1.0046,0.0,4.04,6.82,3.84,7.7,5.2,3.68,7.51,2.48,4.03,18.43
1.0069,0.0,4.03,6.79,3.86,7.63,5.25,3.72,7.52,2.37,4.02,18.44
1.0092,0.0,4.07,6.86,3.87,7.74,5.22,3.9,7.53,2.63,4.07,18.44
1.0115,0.0,4.03,7.08,3.94,7.73,5.36,3.94,7.76,2.61,4.07,18.43
1.0139,0.0,4.04,6.9,3.88,7.74,5.31,3.97,7.76,2.63,4.05,18.44
1.0162,0.0,3.97,6.71,3.9,7.75,5.27,4.08,7.74,2.65,4.07,18.49
1.0185,0.0,3.95,6.72,3.92,7.71,5.32,4.17,7.83,2.65,4.08,18.51
1.0208,0.0,4.01,6.91,3.96,7.75,5.33,4.22,7.82,2.67,4.13,18.52
1.0231,0.0,4.13,6.92,3.93,7.74,5.36,4.33,7.81,2.66,4.13,18.58
1.0254,0.0,4.2,6.95,3.98,7.74,5.43,4.4,8.06,2.66,4.14,18.58
1.0277,0.0,4.26,7.0,3.97,7.76,5.41,4.45,7.9,2.67,4.12,18.65
1.03,0.0,4.34,7.15,4.0,7.75,5.45,4.49,8.02,2.74,4.09,18.65
1.0323,0.0,4.42,7.13,3.98,7.76,5.45,4.57,8.08,2.7,4.11,18.68
1.0346,0.0,4.47,7.27,4.0,7.75,5.46,4.61,8.22,2.72,4.16,18.73
1.037,0.0,4.51,7.23,4.03,7.78,5.45,4.64,8.29,2.83,4.16,18.73
1.0393,0.0,4.51,7.29,4.02,7.77,5.47,4.63,8.18,2.79,4.16,18.72
1.0416,0.0,4.51,7.41,4.04,7.8,5.45,4.63,8.16,2.81,4.18,18.78
1.0439,0.0,4.51,7.5,4.08,7.75,5.46,4.62,8.18,2.79,4.17,18.79
1.0462,0.0,4.56,7.44,4.06,7.74,5.43,4.67,8.22,2.66,4.17,18.77
1.0485,0.0,4.63,7.43,4.11,7.74,5.34,4.74,8.12,2.85,4.21,18.89
1.0508,0.0,4.66,7.43,4.09,7.7,5.34,4.76,8.2,2.8,4.23,18.89
1.0531,0.0,4.71,7.43,4.13,7.71,5.35,4.81,8.27,2.88,4.24,18.89
1.0554,0.0,4.76,7.49,4.13,7.71,5.3,4.85,8.36,2.82,4.22,18.9
1.0577,0.0,4.85,7.58,4.15,7.72,5.37,4.96,8.48,2.82,4.25,18.98
1.06,0.0,4.89,7.6,4.17,7.69,5.28,4.98,8.37,2.82,4.26,18.99
1.0624,0.0,4.93,7.49,4.17,7.68,5.25,5.01,8.39,2.73,4.23,19.02
1.0647,0.0,5.01,7.59,4.18,7.68,5.25,5.1,8.49,2.74,4.26,19.06
1.067,0.0,5.06,7.56,4.22,7.68,5.25,5.13,8.54,2.81,4.22,19.06
1.0693,0.0,5.11,7.64,4.22,7.67,5.19,5.17,8.47,2.78,4.27,19.09
1.0716,0.0,5.15,7.58,4.22,7.61,5.19,5.2,8.57,2.81,4.27,19.13
1.0739,0.0,5.24,7.63,4.27,7.54,5.21,5.29,8.67,2.79,4.26,19.17
1.0762,0.0,5.27,7.66,4.25,7.56,5.11,5.32,8.48,2.87,4.26,19.17
1.0785,0.0,5.43,7.72,4.29,7.58,5.15,5.47,8.63,2.88,4.25,19.21
1.0808,0.0,5.44,7.72,4.27,7.55,5.14,5.49,8.74,2.82,4.32,19.24
1.0831,0.0,5.55,7.76,4.29,7.52,5.08,5.6,8.7,2.78,4.31,19.25
1.0855,0.0,5.68,7.74,4.3,7.5,5.1,5.71,8.75,2.91,4.16,19.27
1.0878,0.0,5.7,7.82,4.32,7.47,4.98,5.75,8.82,2.81,4.31,19.31
1.0901,0.0,5.78,7.82,4.33,7.41,4.97,5.83,8.94,2.74,4.27,19.34
1.0924,0.0,5.91,7.84,4.35,7.41,5.17,5.94,8.99,2.74,4.31,19.38
1.0947,0.0,5.9,7.92,4.36,7.36,4.93,5.95,9.07,2.73,4.3,19.41
1.097,0.0,6.06,8.01,4.37,7.35,5.13,6.09,9.11,2.74,4.3,19.41
1.0993,0.0,6.03,8.11,4.32,7.18,4.8,6.07,9.18,3.01,4.34,19.48
1.1016,0.0,6.13,8.15,4.35,7.23,4.82,6.17,9.22,2.69,4.29,19.5
1.1039,0.0,6.19,8.23,4.36,7.17,4.85,6.22,9.31,2.95,4.24,19.58
1.1062,0.0,6.37,8.19,4.31,7.11,4.66,6.41,9.41,2.73,4.14,19.58
1.1085,0.0,6.33,8.19,4.31,7.07,4.66,6.36,9.42,2.95,4.22,19.62
1.1109,0.0,6.48,8.17,4.25,7.03,4.59,6.51,9.47,2.84,4.02,19.62
1.1132,0.0,6.53,8.28,4.32,7.03,4.62,6.56,9.51,2.89,4.19,19.67
1.1155,0.0,6.67,8.26,4.33,7.09,4.65,6.7,9.55,2.88,4.25,19.71
1.1178,0.0,6.77,8.26,4.32,7.1,4.57,6.8,9.58,2.87,4.21,19.74
1.1201,0.0,6.78,8.24,4.32,7.1,4.65,6.81,9.66,2.9,4.22,19.75
1.1224,0.0,6.95,8.26,4.32,7.14,4.68,6.98,9.64,2.9,4.23,19.75
1.1247,0.0,6.97,8.17,4.31,7.14,4.5,7.0,9.7,2.87,4.22,19.8
1.127,0.0,7.08,8.13,4.32,7.21,4.42,7.1,9.71,2.96,4.19,19.81
1.1293,0.0,7.21,7.92,4.3,7.22,4.46,7.23,9.71,2.95,4.16,19.84
1.1316,0.0,7.28,7.97,4.3,7.25,4.46,7.29,9.7,2.93,4.19,19.85
1.1339,0.0,7.37,7.89,4.21,7.25,4.51,7.38,9.83,2.65,3.99,19.9
1.1363,0.0,7.46,7.91,4.24,7.26,4.55,7.47,9.83,3.01,4.11,19.9
1.1386,0.0,7.55,7.63,4.18,7.27,4.52,7.56,9.71,2.99,4.11,19.93
1.1409,0.0,7.64,7.83,4.21,7.29,4.58,7.66,9.76,3.02,4.1,19.96
1.1432,0.0,7.72,7.59,4.16,7.3,4.58,7.73,9.72,2.71,4.1,19.98
1.1455,0.0,7.77,7.56,4.12,7.3,4.56,7.78,9.69,2.94,4.04,19.99
1.1478,0.0,7.87,7.66,4.23,7.32,4.68,7.89,9.81,2.74,4.11,20.01
1.1501,0.0,7.94,7.49,4.16,7.34,4.66,7.95,9.72,3.04,4.08,20.01
1.1524,0.0,8.01,7.53,4.15,7.32,4.71,8.03,9.72,3.0,4.09,20.02
1.1547,0.0,8.11,7.52,4.17,7.34,4.7,8.13,9.71,3.0,4.09,20.02
1.157,0.0,8.18,7.52,4.16,7.34,4.74,8.2,9.82,3.01,4.1,20.06
1.1594,0.0,8.24,7.43,4.1,7.34,4.77,8.25,9.72,3.07,4.12,20.05
1.1617,0.0,8.34,7.44,4.15,7.3,4.78,8.36,9.71,2.98,4.19,20.08
1.164,0.0,8.4,7.62,4.22,7.35,4.84,8.42,9.83,3.04,4.23,20.09
1.1663,0.0,8.45,7.57,4.19,7.36,4.84,8.47,9.73,3.04,4.27,20.12
1.1686,0.0,8.54,7.65,4.13,7.38,4.84,8.56,9.81,3.01,4.32,20.12
1.1709,0.0,8.55,7.4,4.12,7.34,4.8,8.57,9.64,2.87,4.35,20.11
1.1732,0.0,8.66,7.42,4.14,7.34,4.87,8.68,9.67,3.01,4.41,20.2
1.1755,0.0,8.65,7.21,4.16,7.37,4.89,8.67,9.6,3.06,4.4,20.23
1.1778,0.0,8.73,7.24,4.09,7.36,4.94,8.75,9.54,3.05,4.44,20.26
1.1801,0.0,8.74,7.31,4.19,7.38,4.91,8.76,9.69,3.05,4.45,20.31
1.1824,0.0,8.8,7.22,4.12,7.37,4.98,8.82,9.66,3.06,4.5,20.34
1.1848,0.0,8.84,7.24,4.15,7.38,5.0,8.85,9.46,3.06,4.52,20.37
1.1871,0.0,8.89,7.2,4.18,7.33,4.97,8.91,9.54,3.07,4.55,20.41
1.1894,0.0,8.95,7.2,4.14,7.31,5.02,8.97,9.47,3.02,4.56,20.37
1.1917,0.0,8.96,7.06,4.22,7.35,4.99,8.97,9.43,3.06,4.59,20.45
1.194,0.0,8.99,7.13,4.21,7.4,5.08,9.0,9.43,3.03,4.6,20.43
1.1963,0.0,9.05,7.06,4.24,7.29,5.04,9.05,9.38,3.02,4.62,20.44
1.1986,0.0,9.13,7.03,4.24,7.36,5.1,9.11,9.19,3.25,4.65,20.44
1.2009,0.0,9.15,6.98,4.25,7.4,5.2,9.12,9.24,3.32,4.66,20.46
1.2032,0.0,9.19,7.05,4.24,7.34,5.24,9.15,9.02,3.05,4.67,20.48
1.2055,0.0,9.22,7.05,4.23,7.33,5.28,9.17,9.2,3.3,4.68,20.49
1.2079,0.0,9.27,7.02,4.31,7.25,5.32,9.23,9.2,3.06,4.74,20.49
1.2102,0.0,9.29,6.88,4.23,7.33,5.35,9.24,8.68,3.31,4.7,20.5
1.2125,0.0,9.33,6.88,4.25,7.33,5.39,9.27,9.0,3.3,4.76,20.53
1.2148,0.0,9.37,6.85,4.26,7.35,5.43,9.3,8.96,3.07,4.78,20.53
1.2171,0.0,9.39,6.72,4.27,7.25,5.42,9.32,8.74,3.07,4.79,20.53
1.2194,0.0,9.45,7.02,4.34,7.21,5.49,9.37,9.15,3.33,4.81,20.57
1.2217,0.0,9.46,6.76,4.25,7.33,5.52,9.39,8.54,3.33,4.82,20.54
1.224,0.0,9.48,6.73,4.29,7.27,5.53,9.43,8.6,3.26,4.83,20.6
1.2263,0.0,9.49,6.65,4.28,7.28,5.57,9.42,8.39,3.31,4.81,20.62
1.2286,0.0,9.55,6.7,4.25,7.22,5.62,9.48,8.74,3.34,4.89,20.62
1.2309,0.0,9.55,6.61,4.32,7.15,5.6,9.47,8.54,3.31,4.86,20.62
1.2333,0.0,9.56,6.6,4.33,7.25,5.65,9.48,8.38,3.21,4.86,20.65
1.2356,0.0,9.56,6.65,4.37,7.25,5.67,9.48,8.42,3.33,4.86,20.81
1.2379,0.0,9.61,6.64,4.34,7.22,5.7,9.52,8.63,3.09,4.9,20.8
1.2402,0.0,9.63,6.48,4.33,7.15,5.7,9.54,8.18,3.32,4.88,20.75
1.2425,0.0,9.65,6.58,4.32,7.14,5.74,9.57,8.64,3.29,4.91,20.74
1.2448,0.0,9.69,6.59,4.31,7.18,5.8,9.6,8.66,3.31,4.94,20.81
1.2471,0.0,9.69,6.42,4.31,7.18,5.8,9.6,8.27,3.3,4.91,20.75
1.2494,0.0,9.77,6.45,4.35,7.18,5.87,9.67,8.44,3.3,4.97,20.79
1.2517,0.0,9.76,6.53,4.4,7.19,5.95,9.66,8.9,3.25,4.98,20.79
1.254,0.0,9.75,6.38,4.32,7.16,5.95,9.65,8.42,3.25,4.94,20.78
1.2564,0.0,9.76,6.36,4.3,7.13,5.94,9.66,8.19,3.28,4.94,20.71
1.2587,0.0,9.85,6.45,4.35,7.18,6.12,9.76,8.5,3.25,5.0,20.81
1.261,0.0,9.82,6.43,4.29,7.17,6.11,9.72,8.27,3.29,4.97,20.81
1.2633,0.0,9.86,6.5,4.3,7.17,6.15,9.77,8.51,3.29,5.0,20.8
1.2656,0.0,9.87,6.34,4.32,7.19,6.17,9.78,8.47,3.29,4.99,20.78
1.2679,0.0,9.9,6.48,4.33,7.07,6.15,9.81,8.56,3.24,5.01,20.75
1.2702,0.0,9.9,6.38,4.31,7.13,6.25,9.81,8.4,3.29,4.99,20.78
1.2725,0.0,10.01,6.39,4.49,7.12,6.26,9.91,8.83,3.27,5.12,20.79
1.2748,0.0,10.14,6.51,4.34,7.03,6.22,9.95,8.54,3.21,5.06,20.72
1.2771,0.0,10.12,6.44,4.4,7.06,6.23,9.95,8.61,3.17,5.06,20.73
1.2794,0.0,10.14,6.43,4.43,7.1,6.33,9.97,8.59,3.23,5.11,20.77
1.2818,0.0,10.18,6.4,4.37,7.1,6.4,9.99,8.56,3.41,5.07,20.81
1.2841,0.0,10.14,6.34,4.29,7.05,6.42,9.97,8.52,3.25,5.09,20.78
1.2864,0.0,10.28,6.27,4.43,7.07,6.47,10.1,8.29,3.24,5.1,20.77
1.2887,0.0,10.28,6.35,4.41,7.05,6.51,10.11,8.55,3.25,5.17,20.77
1.291,0.0,10.31,6.3,4.35,7.0,6.31,10.12,8.48,3.15,5.14,20.72
1.2933,0.0,10.27,6.41,4.39,7.05,6.46,10.09,8.57,3.43,5.18,20.77
1.2956,0.0,10.34,6.27,4.4,6.97,6.29,10.19,8.26,3.11,5.13,20.75
1.2979,0.0,10.34,6.34,4.4,6.99,6.57,10.17,8.49,3.22,5.19,20.77
1.3002,0.0,10.32,6.06,4.35,7.02,6.59,10.16,7.76,3.19,5.07,20.77
1.3025,0.0,10.45,6.46,4.35,7.1,6.61,10.28,8.27,3.35,5.14,20.77
1.3048,0.0,10.41,6.27,4.34,6.95,6.51,10.25,8.2,3.38,5.19,20.76
1.3072,0.0,10.47,6.43,4.35,7.03,6.56,10.29,8.4,3.43,5.24,20.77
1.3095,0.0,10.44,6.42,4.37,7.04,6.64,10.29,8.53,3.17,5.25,20.8
1.3118,0.0,10.48,6.35,4.36,6.95,6.62,10.33,8.29,3.4,5.25,20.79
1.3141,0.0,10.7,6.43,4.4,7.0,6.6,10.55,8.32,3.3,5.27,20.84
1.3164,0.0,10.72,6.12,4.38,7.03,6.64,10.65,7.97,3.08,5.23,20.81
1.3187,0.0,10.69,6.06,4.34,7.06,6.67,10.59,7.64,3.14,5.21,20.81
1.321,0.0,10.72,6.26,4.37,7.07,6.66,10.65,8.26,3.31,5.28,20.82
1.3233,0.0,10.65,6.2,4.36,6.97,6.72,10.52,8.02,3.2,5.27,20.79
1.3256,0.0,10.79,6.29,4.39,7.07,6.8,10.76,8.13,3.31,5.3,20.83
1.3279,0.0,10.79,5.96,4.36,6.97,6.75,10.57,7.84,3.33,5.29,20.76
1.3303,0.0,10.8,6.1,4.44,6.98,6.64,10.75,7.9,3.28,5.31,20.83
1.3326,0.0,10.87,5.92,4.42,7.02,6.86,10.79,7.56,3.23,5.3,20.85
1.3349,0.0,10.84,6.13,4.42,7.14,6.8,10.95,7.91,3.3,5.32,20.85
1.3372,0.0,10.9,6.11,4.35,7.07,6.79,10.97,7.88,3.3,5.3,20.82
1.3395,0.0,10.91,6.18,4.45,6.98,6.84,11.22,7.58,3.25,5.31,20.87
1.3418,0.0,10.94,6.24,4.41,7.06,6.87,11.1,7.6,3.24,5.32,20.87
1.3441,0.0,10.94,6.28,4.41,7.01,6.83,11.15,7.48,3.22,5.32,20.87
1.3464,0.0,10.92,6.21,4.41,6.98,6.89,10.89,7.75,3.2,5.34,20.89
1.3487,0.0,10.96,5.81,4.43,7.01,6.91,11.48,7.44,3.21,5.43,20.89
1.351,0.0,11.0,5.97,4.39,6.95,6.92,11.53,7.54,3.17,5.46,20.92
1.3533,0.0,11.0,5.77,4.37,7.06,7.0,11.44,7.35,3.17,5.39,20.89
1.3557,0.0,11.09,6.03,4.36,7.05,7.0,11.7,7.49,3.07,5.58,20.88
1.358,0.0,11.01,5.88,4.35,7.15,7.06,11.44,7.19,3.15,5.39,20.92
1.3603,0.0,11.01,5.75,4.37,7.1,7.03,11.6,7.24,3.14,5.48,20.91
1.3626,0.0,11.22,5.65,4.33,6.96,7.08,11.86,7.13,3.15,5.67,20.91
1.3649,0.0,11.04,5.99,4.34,6.96,7.09,11.65,7.19,3.13,5.5,20.94
1.3672,0.0,11.13,5.8,4.32,7.0,7.12,11.79,7.1,3.16,5.61,20.94
1.3695,0.0,11.3,5.71,4.33,7.04,7.05,11.96,7.13,3.15,5.73,20.9
1.3718,0.0,11.28,5.94,4.31,6.93,7.16,11.94,7.33,3.1,5.69,20.88
1.3741,0.0,11.17,6.28,4.33,7.03,7.16,11.82,7.32,3.09,5.63,20.88
1.3764,0.0,11.26,6.24,4.33,6.97,7.15,11.92,7.4,3.1,5.68,20.87
1.3788,0.0,11.5,5.64,4.33,7.02,7.21,12.16,6.93,3.05,5.84,20.95
1.3811,0.0,11.55,5.83,4.28,7.0,7.21,12.2,6.94,3.05,5.87,20.85
1.3834,0.0,11.6,5.79,4.33,6.93,7.26,12.26,6.87,3.05,5.92,20.88
1.3857,0.0,11.44,5.55,4.35,6.96,7.23,12.1,7.01,3.06,5.78,20.91
1.388,0.0,11.6,5.78,4.32,7.01,7.3,12.26,7.09,3.09,5.9,20.88
1.3903,0.0,11.63,6.39,4.29,7.0,7.31,12.29,7.15,3.1,5.91,20.9
1.3926,0.0,11.63,5.93,4.33,6.99,7.35,12.29,7.02,3.09,5.91,20.84
1.3949,0.0,11.7,5.81,4.3,7.0,7.36,12.35,6.87,3.08,5.94,20.91
1.3972,0.0,11.72,6.1,4.25,6.93,7.38,12.38,6.8,3.11,5.95,20.9
1.3995,0.0,11.79,6.18,4.36,6.97,7.39,12.45,7.04,3.1,6.0,20.86
1.4018,0.0,11.84,5.81,4.3,6.95,7.38,12.5,6.74,3.06,6.06,20.89
1.4042,0.0,11.87,5.92,4.29,6.94,7.35,12.53,6.72,3.07,6.08,20.89
1.4065,0.0,11.98,5.77,4.32,6.9,7.44,12.64,6.66,3.07,6.2,20.9
1.4088,0.0,11.84,5.75,4.25,6.92,7.5,12.5,6.45,3.04,6.03,20.85
1.4111,0.0,12.04,5.98,4.28,6.88,7.49,12.69,6.64,3.07,6.18,20.95
1.4134,0.0,12.07,6.13,4.29,6.9,7.53,12.72,6.87,3.12,6.22,20.91
1.4157,0.0,12.08,6.11,4.35,6.91,7.44,12.74,6.83,3.11,6.25,20.88
1.418,0.0,12.07,6.15,4.28,6.92,7.47,12.73,6.62,3.09,6.23,21.0
1.4203,0.0,12.1,5.96,4.25,6.83,7.5,12.76,6.87,3.15,6.23,21.03
1.4226,0.0,12.11,6.03,4.34,6.78,7.5,12.77,6.74,3.11,6.24,21.0
1.4249,0.0,12.09,6.28,4.29,6.91,7.55,12.75,6.76,3.11,6.22,21.13
1.4273,0.0,12.15,5.88,4.25,6.87,7.59,12.8,6.42,3.09,6.25,20.98
1.4296,0.0,12.18,5.86,4.32,6.95,7.59,12.85,6.77,3.13,6.3,20.98
1.4319,0.0,12.17,6.13,4.28,6.86,7.53,12.83,6.6,3.11,6.28,21.03
1.4342,0.0,12.21,6.19,4.23,6.92,7.55,12.88,6.5,3.1,6.31,21.08
1.4365,0.0,12.2,5.77,4.3,6.9,7.59,12.87,6.48,3.1,6.31,20.88
1.4388,0.0,12.24,6.04,4.27,6.84,7.62,12.91,6.65,3.14,6.34,21.16
1.4411,0.0,12.3,5.86,4.23,6.87,7.64,12.97,6.51,3.11,6.37,21.05
1.4434,0.0,12.34,5.86,4.31,6.84,7.59,13.02,6.56,3.14,6.42,21.03
1.4457,0.0,12.21,5.7,4.24,6.91,7.61,12.88,6.33,3.09,6.31,21.01
1.448,0.0,12.3,5.92,4.3,6.85,7.62,12.97,6.48,3.13,6.38,21.06
1.4503,0.0,12.45,5.75,4.32,6.87,7.71,13.12,6.57,3.15,6.5,20.96
1.4527,0.0,12.43,6.14,4.25,6.88,7.66,13.11,6.57,3.12,6.48,21.21
1.455,0.0,12.38,5.79,4.32,6.86,7.73,13.06,6.37,3.09,6.44,21.15
1.4573,0.0,12.37,5.72,4.32,6.84,7.59,13.04,6.42,3.12,6.43,21.08
1.4596,0.0,12.44,5.93,4.36,6.87,7.66,13.12,6.64,3.17,6.49,21.27
1.4619,0.0,12.43,5.59,4.31,6.83,7.65,13.12,6.48,3.16,6.49,21.08
1.4642,0.0,12.46,6.06,4.35,6.9,7.68,13.14,6.34,3.14,6.5,21.19
1.4665,0.0,12.44,6.15,4.33,6.83,7.7,13.12,6.44,3.13,6.49,21.41
1.4688,0.0,12.57,5.95,4.27,6.86,7.7,13.26,6.38,3.14,6.59,21.1
1.4711,0.0,12.47,5.8,4.26,6.75,7.74,13.16,6.21,3.13,6.51,21.2
1.4734,0.0,12.55,5.96,4.35,6.79,7.85,13.23,6.48,3.14,6.57,21.32
1.4758,0.0,12.54,6.2,4.23,6.62,7.78,13.23,6.62,3.14,6.57,21.34
1.4781,0.0,12.42,5.67,4.22,6.77,7.66,13.11,6.24,3.14,6.47,21.2
1.4804,0.0,12.55,6.01,4.38,6.85,7.8,13.24,6.53,3.14,6.58,21.41
1.4827,0.0,12.51,5.78,4.3,6.79,7.75,13.2,6.48,3.15,6.54,21.34
1.485,0.0,12.66,5.89,4.22,6.52,7.88,13.35,6.62,3.15,6.65,21.42
1.4873,0.0,12.53,5.74,4.32,6.77,7.73,13.23,6.55,3.14,6.56,21.25
1.4896,0.0,12.49,5.63,4.32,6.79,7.73,13.17,6.43,3.17,6.51,21.28
1.4919,0.0,12.57,5.82,4.25,6.67,7.73,13.25,6.28,3.16,6.57,21.46
1.4942,0.0,12.73,5.7,4.38,6.84,7.99,13.42,6.43,3.17,6.7,21.25
1.4965,0.0,12.76,5.99,4.29,6.54,8.07,13.45,6.59,3.18,6.72,21.5
1.4988,0.0,12.66,5.76,4.23,6.55,7.78,13.35,6.29,3.18,6.65,21.41
1.5012,0.0,12.7,5.63,4.3,6.59,7.77,13.39,6.54,3.15,6.68,21.41
1.5035,0.0,12.62,5.51,4.27,6.55,7.72,13.33,6.84,3.19,6.63,21.4
1.5058,0.0,12.8,5.77,4.31,6.57,8.21,13.51,6.38,3.17,6.77,21.45
1.5081,0.0,12.66,5.83,4.28,6.58,7.92,13.36,6.72,3.14,6.65,21.65
1.5104,0.0,12.59,5.74,4.25,6.64,7.68,13.28,7.01,3.17,6.59,21.55
1.5127,0.0,12.76,5.46,4.29,6.57,8.0,13.46,6.43,3.13,6.72,21.34
1.515,0.0,12.66,5.52,4.32,6.58,7.74,13.35,6.38,3.17,6.63,21.48
1.5173,0.0,12.59,5.62,4.24,6.61,7.6,13.3,6.46,3.13,6.6,21.55
1.5196,0.0,12.82,5.47,4.28,6.58,8.14,13.57,6.32,3.15,6.79,21.55
1.5219,0.0,12.76,5.55,4.26,6.47,7.94,13.48,6.88,3.15,6.73,21.51
1.5242,0.0,12.62,5.25,4.34,6.58,7.62,13.31,6.78,3.19,6.61,21.41
1.5266,0.0,12.67,5.49,4.33,6.49,7.77,13.37,6.91,3.18,6.65,21.62
1.5289,0.0,12.71,5.48,4.28,6.44,7.79,13.4,6.41,3.15,6.66,21.49
1.5312,0.0,12.68,5.37,4.31,6.59,7.76,13.4,6.73,3.13,6.66,21.42
1.5335,0.0,12.67,5.24,4.28,6.42,7.68,13.39,6.99,3.15,6.65,21.55
1.5358,0.0,12.77,5.36,4.15,6.51,7.89,13.48,6.65,3.11,6.71,21.6
1.5381,0.0,12.74,5.31,4.27,6.54,7.82,13.48,6.7,3.11,6.72,21.36
1.5404,0.0,12.73,5.3,4.33,6.51,7.75,13.45,6.55,3.11,6.69,21.59
1.5427,0.0,12.71,5.25,4.38,6.51,7.7,13.43,7.02,3.14,6.68,21.5
1.545,0.0,12.66,5.36,4.32,6.49,7.78,13.4,7.11,3.11,6.65,21.46
1.5473,0.0,12.8,5.24,4.31,6.54,7.94,13.52,6.8,3.09,6.73,21.51
1.5497,0.0,12.71,5.32,4.31,6.53,7.79,13.44,6.74,3.13,6.64,21.68
1.552,0.0,12.66,5.33,4.26,6.53,7.69,13.39,7.22,3.15,6.62,21.57
1.5543,0.0,12.76,5.21,4.28,6.56,7.75,13.51,6.9,3.1,6.72,21.54
1.5566,0.0,12.82,5.13,4.29,6.56,7.97,13.54,6.54,3.14,6.74,21.35
1.5589,0.0,12.84,5.17,4.32,6.56,7.93,13.58,7.04,3.12,6.77,21.76
1.5612,0.0,12.72,5.26,4.39,6.54,7.77,13.46,6.87,3.1,6.68,21.66
1.5635,0.0,12.69,5.26,4.37,6.53,7.73,13.45,7.02,3.12,6.63,21.71
1.5658,0.0,12.57,5.25,4.3,6.48,7.73,13.34,7.18,3.09,6.53,21.61
1.5681,0.0,12.75,5.24,4.37,6.6,7.78,13.51,6.94,3.07,6.69,21.53
1.5704,0.0,12.76,5.24,4.35,6.64,7.85,13.54,7.07,3.1,6.67,21.55
1.5727,0.0,12.76,5.16,4.32,6.58,7.78,13.51,6.84,3.08,6.7,21.59
1.5751,0.0,12.7,5.33,4.39,6.58,7.77,13.47,6.9,3.11,6.63,21.56
1.5774,0.0,12.83,5.26,4.34,6.66,7.89,13.58,7.38,3.11,6.73,21.78
1.5797,0.0,12.73,5.37,4.36,6.62,7.84,13.51,7.36,3.13,6.66,21.87
1.582,0.0,12.61,5.34,4.35,6.56,7.8,13.4,7.2,3.13,6.55,21.58
1.5843,0.0,12.38,5.43,4.36,6.41,7.71,13.22,7.13,3.09,6.36,21.28
1.5866,0.0,12.68,5.56,4.34,6.65,7.87,13.5,7.33,3.14,6.59,21.77
1.5889,0.0,12.69,5.34,4.37,6.63,7.85,13.5,7.13,3.11,6.6,21.47
1.5912,0.0,12.57,5.72,4.35,6.59,7.94,13.4,7.57,3.11,6.5,21.85
1.5935,0.0,12.59,5.7,4.36,6.6,7.91,13.43,7.77,3.1,6.5,21.88
1.5958,0.0,12.65,5.57,4.36,6.64,7.88,13.47,7.45,3.07,6.57,21.76
1.5982,0.0,12.64,5.34,4.39,6.61,7.88,13.47,7.51,3.1,6.55,21.78
1.6005,0.0,12.58,5.3,4.39,6.58,7.86,13.43,7.28,3.14,6.5,21.79
1.6028,0.0,12.67,5.42,4.4,6.64,7.85,13.49,7.14,3.11,6.58,21.68
1.6051,0.0,12.72,5.44,4.35,6.68,7.87,13.55,7.29,3.13,6.62,21.75
1.6074,0.0,12.45,5.77,4.36,6.46,8.06,13.3,7.2,3.1,6.4,21.58
1.6097,0.0,12.48,5.66,4.36,6.63,7.98,13.35,7.61,3.1,6.39,21.76
1.612,0.0,12.5,5.55,4.38,6.56,7.92,13.34,7.37,3.12,6.44,21.58
1.6143,0.0,12.67,5.38,4.34,6.75,8.02,13.53,7.53,3.13,6.55,21.74
1.6166,0.0,12.55,6.0,4.4,6.64,8.07,13.4,7.76,3.1,6.46,21.74
1.6189,0.0,12.3,5.72,4.37,6.49,7.96,13.18,7.69,3.11,6.25,21.74
1.6212,0.0,12.66,6.16,4.38,6.62,8.18,13.48,8.07,3.12,6.57,21.65
1.6236,0.0,12.53,5.77,4.39,6.66,7.94,13.42,7.6,3.12,6.43,21.76
1.6259,0.0,12.41,5.67,4.38,6.57,8.04,13.3,7.61,3.15,6.32,21.65
1.6282,0.0,12.49,5.84,4.39,6.67,8.04,13.38,7.9,3.14,6.38,21.71
1.6305,0.0,12.56,6.08,4.36,6.69,8.06,13.45,7.9,3.16,6.45,21.68
1.6328,0.0,12.48,5.82,4.4,6.62,8.06,13.36,7.66,3.13,6.39,21.73
1.6351,0.0,12.3,5.86,4.39,6.55,7.98,13.17,7.54,3.13,6.16,21.68
1.6374,0.0,12.18,6.42,4.38,6.48,8.25,13.06,8.12,3.13,6.33,21.71
1.6397,0.0,12.29,5.98,4.39,6.61,8.1,13.17,7.86,3.14,6.27,21.72
1.642,0.0,12.38,6.1,4.4,6.64,8.1,13.26,7.71,3.16,6.33,21.7
1.6443,0.0,12.44,5.94,4.35,6.65,8.04,13.32,7.47,3.11,6.27,21.6
1.6467,0.0,12.28,5.93,4.37,6.58,8.06,13.15,7.6,3.12,6.27,21.63
1.649,0.0,12.29,6.03,4.35,6.66,8.09,13.15,7.75,3.17,6.37,21.6
1.6513,0.0,12.37,6.28,4.38,6.66,8.24,13.26,7.8,3.13,6.28,21.77
1.6536,0.0,12.25,6.25,4.38,6.59,8.11,13.04,7.88,3.16,6.36,21.82
1.6559,0.0,12.35,6.09,4.35,6.62,8.16,13.19,8.0,3.17,6.44,21.58
1.6582,0.0,12.35,6.07,4.34,6.56,8.15,12.98,7.98,3.16,6.43,21.7
1.6605,0.0,12.25,6.13,4.37,6.59,8.05,13.12,8.02,3.14,6.38,21.78
1.6628,0.0,12.31,6.28,4.37,6.61,8.14,13.07,7.82,3.15,6.39,21.86
1.6651,0.0,12.41,6.13,4.36,6.62,8.18,13.09,8.03,3.18,6.46,21.65
1.6674,0.0,12.46,6.39,4.4,6.88,8.54,12.68,8.23,3.19,6.52,21.85
1.6697,0.0,12.51,6.34,4.36,6.66,8.34,12.99,8.28,3.2,6.53,21.66
1.6721,0.0,12.6,6.29,4.37,6.9,8.84,12.97,8.27,3.21,6.55,21.87
1.6744,0.0,12.6,6.24,4.37,7.01,8.71,12.97,8.37,3.22,6.56,21.68
1.6767,0.0,12.64,6.45,4.34,7.57,9.55,13.25,8.34,3.17,6.49,21.76
1.679,0.0,12.5,6.74,4.38,6.78,8.53,13.11,8.19,3.2,6.52,22.11
1.6813,0.0,12.51,6.44,4.37,6.82,8.42,13.2,8.14,3.2,6.52,22.21
1.6836,0.0,12.67,6.47,4.39,6.8,8.7,12.92,8.44,3.24,6.62,21.93
1.6859,0.0,12.74,6.65,4.37,7.21,8.88,12.95,8.73,3.24,6.67,21.8
1.6882,0.0,12.61,6.26,4.35,7.54,9.63,13.25,8.25,3.22,6.55,21.85
1.6905,0.0,12.76,6.67,4.39,7.85,9.67,13.54,8.65,3.21,6.59,21.83
1.6928,0.0,12.71,6.39,4.36,7.59,9.36,13.36,8.57,3.23,6.63,21.78
1.6952,0.0,12.77,6.45,4.31,7.4,9.31,13.07,8.59,3.25,6.68,21.89
1.6975,0.0,12.73,6.5,4.37,7.22,9.02,13.0,8.7,3.25,6.66,21.77
1.6998,0.0,12.71,6.72,4.34,7.25,9.17,12.96,8.48,3.22,6.62,21.97
1.7021,0.0,12.68,6.53,4.36,7.71,9.55,13.39,8.42,3.21,6.63,21.87
1.7044,0.0,12.68,6.46,4.36,6.96,8.68,13.1,8.63,3.24,6.66,22.0
1.7067,0.0,12.75,6.57,4.34,7.91,9.68,13.63,8.45,3.19,6.56,22.0
1.709,0.0,12.82,6.59,4.35,7.91,9.53,13.69,8.72,3.25,6.71,21.8
1.7113,0.0,12.74,6.51,4.37,7.82,9.59,13.44,8.57,3.21,6.66,21.84
1.7136,0.0,12.84,6.74,4.3,8.0,9.74,13.73,8.64,3.22,6.66,21.97
1.7159,0.0,12.75,6.89,4.38,7.73,9.68,13.29,8.79,3.22,6.63,21.91
1.7182,0.0,12.6,6.38,4.35,6.65,8.36,12.51,8.42,3.19,6.63,21.73
1.7206,0.0,12.82,6.77,4.3,7.9,9.79,13.51,9.01,3.22,6.78,21.81
1.7229,0.0,12.86,7.1,4.27,8.0,9.87,13.63,9.08,3.24,6.76,21.98
1.7252,0.0,12.97,7.08,4.31,7.92,9.73,13.56,9.37,3.25,6.84,21.84
1.7275,0.0,12.88,7.09,4.31,7.75,9.57,13.41,8.87,3.19,6.74,22.14
1.7298,0.0,12.83,6.55,4.26,7.89,9.79,13.55,8.94,3.18,6.74,21.84
1.7321,0.0,12.83,7.13,4.28,7.43,9.38,13.22,8.95,3.19,6.76,22.12
1.7344,0.0,12.92,6.7,4.28,7.9,9.68,13.57,9.11,3.2,6.79,21.89
1.7367,0.0,12.89,7.01,4.27,7.95,9.69,13.63,9.09,3.2,6.82,21.99
1.739,0.0,12.89,7.12,4.25,8.07,9.71,13.7,9.21,3.19,6.83,21.84
1.7413,0.0,12.91,7.06,4.25,7.48,9.02,13.24,9.37,3.21,6.91,21.94
1.7436,0.0,12.98,7.04,4.24,8.22,9.91,13.9,9.22,3.18,6.86,21.95
1.746,0.0,12.98,6.94,4.21,7.93,9.53,13.66,9.42,3.2,6.87,21.8
1.7483,0.0,13.36,7.31,4.17,8.53,10.27,14.26,9.39,3.18,6.87,21.83
1.7506,0.0,13.4,7.16,4.19,8.56,10.16,14.32,9.41,3.2,6.9,21.84
1.7529,0.0,13.11,7.33,4.19,8.27,9.87,14.0,9.32,3.16,6.86,22.25
1.7552,0.0,13.41,6.9,4.25,8.57,10.25,14.33,9.4,3.16,6.84,21.8
1.7575,0.0,13.46,7.66,4.23,8.68,10.28,14.38,10.08,3.2,6.99,21.91
1.7598,0.0,13.25,7.39,4.21,8.49,10.18,14.15,9.63,3.16,6.96,22.04
1.7621,0.0,13.2,7.39,4.18,8.38,9.97,14.11,9.6,3.19,6.94,22.05
1.7644,0.0,13.46,7.11,4.23,8.59,10.14,14.34,9.64,3.16,6.9,21.83
1.7667,0.0,13.52,8.26,4.18,8.69,10.33,14.45,10.29,3.19,6.94,22.33
1.7691,0.0,13.28,7.62,4.24,8.55,10.17,14.24,9.96,3.18,6.93,21.94
1.7714,0.0,13.5,8.1,4.17,8.68,10.21,14.43,10.06,3.19,7.04,22.12
1.7737,0.0,13.53,7.61,4.17,8.71,10.36,14.43,10.11,3.16,7.1,21.95
1.776,0.0,13.59,7.42,4.14,8.69,10.31,14.5,9.58,3.14,6.88,21.85
1.7783,0.0,13.52,7.6,4.19,8.66,10.23,14.41,10.02,3.16,7.07,22.04
1.7806,0.0,13.47,7.93,4.14,8.59,10.18,14.36,9.81,3.17,7.0,22.05
1.7829,0.0,13.77,7.99,4.17,8.86,10.35,14.68,10.14,3.16,6.97,21.96
1.7852,0.0,13.76,7.4,4.13,8.92,10.43,14.67,10.01,3.15,6.98,21.9
1.7875,0.0,13.29,7.73,4.2,8.41,9.95,14.21,9.79,3.11,6.94,22.11
1.7898,0.0,13.78,8.64,4.22,9.07,10.64,14.7,11.02,3.17,7.3,22.73
1.7921,0.0,13.53,7.73,4.11,8.78,10.38,14.46,10.08,3.15,7.06,21.88
1.7945,0.0,13.78,8.23,4.18,8.95,10.54,14.74,9.97,3.17,7.01,22.01
1.7968,0.0,13.14,7.59,4.11,8.36,10.04,14.04,10.02,3.12,6.99,21.9
1.7991,0.0,14.13,8.65,4.09,9.38,10.91,15.09,10.97,3.18,7.26,22.55
1.8014,0.0,13.14,7.98,4.1,8.43,9.97,14.13,10.11,3.09,6.74,21.91
1.8037,0.0,13.67,7.92,4.14,8.91,10.42,14.63,10.3,3.15,7.0,22.05
1.806,0.0,13.45,8.15,4.09,8.71,10.25,14.42,10.42,3.15,6.91,22.17
1.8083,0.0,13.52,7.86,4.1,8.8,10.34,14.48,10.39,3.16,7.05,22.06
1.8106,0.0,13.87,8.73,4.11,9.02,10.54,14.8,10.69,3.15,7.07,22.4
1.8129,0.0,13.23,8.83,4.21,8.55,9.99,14.21,10.96,3.13,6.99,22.53
1.8152,0.0,14.13,7.8,4.19,9.24,10.67,15.04,10.41,3.14,7.22,22.05
1.8176,0.0,13.85,8.88,4.17,8.85,10.13,14.77,11.21,3.13,7.08,22.68
1.8199,0.0,14.2,8.75,4.08,9.4,10.93,15.11,11.11,3.17,7.29,22.66
1.8222,0.0,14.06,8.67,4.21,9.3,10.81,15.02,11.01,3.15,7.32,22.68
1.8245,0.0,13.99,8.54,4.09,9.07,10.54,14.88,11.25,3.11,7.29,22.75
1.8268,0.0,14.16,9.05,4.22,9.33,10.87,15.08,11.29,3.12,7.18,22.71
1.8291,0.0,13.64,9.01,4.02,8.89,10.4,14.62,10.44,3.16,6.99,22.25
1.8314,0.0,14.07,9.35,4.1,9.06,10.42,14.98,11.2,3.11,7.09,22.63
1.8337,0.0,14.25,8.09,4.22,9.33,10.68,15.19,10.56,3.09,7.27,22.43
1.836,0.0,13.95,8.8,4.04,9.0,10.44,14.87,11.04,3.11,6.97,22.54
1.8383,0.0,14.13,9.58,4.16,9.29,10.8,15.07,13.7,3.12,7.25,23.08
1.8406,0.0,13.24,9.05,3.99,8.57,9.86,13.97,11.37,3.14,7.08,22.7
1.843,0.0,14.26,9.66,4.08,9.52,11.08,15.21,12.55,3.2,7.38,23.38
1.8453,0.0,14.27,10.22,4.06,9.87,11.69,15.19,14.69,3.35,7.23,23.73
1.8476,0.0,13.37,9.63,4.06,8.76,10.18,14.11,12.67,3.13,7.26,23.29
1.8499,0.0,14.11,10.11,4.06,9.72,11.49,15.08,14.55,3.35,7.3,23.65
1.8522,0.0,13.66,10.15,4.04,9.0,10.39,14.67,13.41,3.16,7.2,23.42
1.8545,0.0,14.15,10.38,4.2,9.31,10.82,15.08,14.12,3.32,7.26,23.73
1.8568,0.0,13.45,9.53,4.11,8.71,10.2,14.43,12.19,3.09,7.13,23.01
1.8591,0.0,13.26,10.7,4.0,8.82,11.51,13.91,14.96,3.5,7.21,23.99
1.8614,0.0,13.53,10.12,3.98,9.16,10.7,14.53,13.79,3.31,7.32,23.59
1.8637,0.0,15.08,10.34,4.06,10.53,12.54,16.08,15.31,3.51,7.21,23.98
1.8661,0.0,13.16,10.16,3.99,7.65,9.77,13.14,13.06,3.26,7.09,23.47
1.8684,0.0,13.17,9.93,4.1,7.83,9.84,13.14,13.18,3.1,7.07,23.29
1.8707,0.0,14.43,10.19,4.07,9.88,11.67,15.38,14.83,3.51,7.31,23.93
1.873,0.0,14.26,10.38,4.07,9.89,11.69,15.19,15.24,3.44,7.17,23.95
1.8753,0.0,13.12,9.7,4.01,7.79,10.02,13.08,11.98,3.06,6.98,22.86
1.8776,0.0,13.14,10.57,4.05,7.84,11.05,13.25,14.22,3.48,7.02,23.77
1.8799,0.0,13.22,10.54,3.94,8.68,12.0,14.03,15.0,3.63,7.16,23.99
1.8822,0.0,13.47,10.78,3.95,9.17,12.73,14.29,15.8,3.75,7.2,24.19
1.8845,0.0,13.06,10.5,3.98,8.19,10.72,13.47,13.54,3.24,6.83,23.48
1.8868,0.0,12.97,10.21,3.9,7.78,10.17,13.19,13.3,3.21,6.9,23.4
1.8891,0.0,13.52,10.84,3.93,9.37,13.04,14.53,16.02,3.83,7.47,24.29
1.8915,0.0,13.25,10.78,4.04,8.53,11.32,13.68,14.65,3.6,7.17,24.15
1.8938,0.0,15.13,10.54,4.0,10.67,13.12,16.15,16.21,3.87,7.41,24.39
1.8961,0.0,13.07,9.7,4.15,7.69,10.04,13.1,12.22,3.08,6.92,22.92
1.8984,0.0,13.12,10.98,3.89,8.38,11.51,13.93,14.8,3.51,6.77,23.92
1.9007,0.0,13.07,9.74,3.98,8.23,10.7,13.65,12.07,3.07,6.74,22.95
1.903,0.0,13.13,11.33,3.92,8.65,12.67,13.78,15.66,3.65,7.03,24.03
1.9053,0.0,13.49,11.65,3.85,9.09,14.3,14.48,16.97,4.14,8.58,24.62
1.9076,0.0,14.17,11.59,3.9,9.71,12.9,15.14,15.91,3.74,7.34,24.19
1.9099,0.0,15.24,11.92,3.97,8.95,16.04,15.63,18.03,4.64,10.5,24.9
1.9122,0.0,13.61,11.84,3.88,9.26,13.55,14.53,16.74,3.73,7.35,24.23
1.9145,0.0,13.45,11.24,3.93,8.95,13.12,14.26,16.12,4.0,7.73,24.56
1.9169,0.0,14.01,12.27,3.92,9.68,14.02,14.81,16.54,3.94,8.29,24.32
1.9192,0.0,13.97,11.15,3.97,9.65,13.21,14.95,16.07,3.87,7.46,24.36
1.9215,0.0,13.87,11.84,3.93,9.51,14.18,14.67,16.76,4.01,8.24,24.41
1.9238,0.0,13.22,12.76,4.05,8.55,14.12,14.04,16.46,4.14,8.54,24.49
1.9261,0.0,14.1,11.92,3.9,9.61,15.23,14.83,17.6,4.42,9.37,24.85
1.9284,0.0,14.46,12.09,3.95,10.12,14.98,15.43,17.46,4.34,9.12,24.78
1.9307,0.0,15.28,11.69,3.97,9.97,15.95,15.67,17.99,4.71,10.22,25.05
1.933,0.0,13.66,12.56,3.94,9.41,14.89,14.5,17.44,4.31,8.92,24.81
1.9353,0.0,13.81,12.6,4.06,9.46,14.61,14.6,16.98,4.07,8.78,24.47
1.9376,0.0,14.74,12.92,3.85,9.77,15.68,15.11,17.96,4.52,9.81,24.94
1.94,0.0,13.93,12.93,4.06,9.49,14.94,14.74,17.4,4.31,9.16,24.82
1.9423,0.0,14.09,11.88,3.86,9.8,13.54,14.87,16.45,3.88,7.54,24.48
1.9446,0.0,14.25,12.78,4.08,9.86,14.62,15.06,17.05,4.36,9.15,24.64
1.9469,0.0,15.99,12.94,3.96,10.23,16.84,16.41,18.61,4.73,10.91,25.03
1.9492,0.0,14.84,12.25,3.96,9.93,15.98,15.21,18.01,4.45,9.93,24.78
1.9515,0.0,15.84,12.34,3.95,9.51,16.8,16.24,18.58,4.76,11.14,25.04
1.9538,0.0,15.14,12.17,3.96,9.46,15.74,15.52,17.72,4.71,10.09,25.04
1.9561,0.0,15.17,12.76,3.98,9.35,16.03,15.54,18.15,4.65,10.3,25.08
1.9584,0.0,14.72,12.96,3.95,8.92,16.01,15.07,17.98,4.45,10.22,24.79
1.9607,0.0,14.26,12.98,3.99,9.24,15.43,14.61,17.53,4.48,9.58,24.97
1.963,0.0,15.37,12.67,4.02,10.04,16.31,15.77,17.98,4.6,10.64,24.86
1.9654,0.0,14.79,12.37,3.9,10.14,16.04,15.36,17.95,4.41,9.93,24.72
1.9677,0.0,14.35,13.08,4.05,9.9,14.38,15.15,16.97,4.09,8.71,24.63
1.97,0.0,14.51,12.52,3.97,9.65,15.66,14.89,17.81,4.36,9.93,24.68
1.9723,0.0,14.22,12.58,3.96,9.79,15.14,15.01,17.25,4.39,9.19,24.82
1.9746,0.0,15.11,12.94,4.01,9.4,16.22,15.34,18.17,4.53,10.46,24.85
1.9769,0.0,15.06,12.66,4.07,9.35,16.48,15.45,18.39,4.47,10.46,24.81
1.9792,0.0,15.1,13.27,4.07,10.02,16.14,15.48,18.13,4.54,10.24,24.87
1.9815,0.0,14.87,13.33,3.9,8.6,16.31,15.26,18.24,4.4,10.28,24.75
1.9838,0.0,15.97,12.72,3.98,9.75,17.18,16.39,18.64,4.79,11.16,25.04
1.9861,0.0,15.29,13.28,4.0,9.69,16.45,15.54,18.26,4.71,10.58,25.02
1.9885,0.0,15.31,12.99,3.93,9.94,16.28,15.7,18.07,4.58,10.28,24.9
1.9908,0.0,15.51,13.04,3.97,8.92,16.56,15.78,18.29,4.53,10.73,24.9
1.9931,0.0,14.02,13.54,3.93,9.49,15.02,14.82,16.97,4.09,9.04,24.53
1.9954,0.0,14.86,13.11,4.05,8.97,15.9,15.24,17.94,4.53,9.94,24.76
1.9977,0.0,14.4,13.39,3.9,9.59,15.58,14.91,17.9,4.32,9.82,24.74
2.0,0.0,13.72,13.18,3.99,8.37,14.8,14.05,16.99,4.17,9.15,24.38
